-- phpMyAdmin SQL Dump
-- version 5.2.1
-- https://www.phpmyadmin.net/
--
-- Servidor: 127.0.0.1
-- Tiempo de generación: 11-09-2024 a las 09:35:08
-- Versión del servidor: 10.4.32-MariaDB
-- Versión de PHP: 8.2.12

SET SQL_MODE = "NO_AUTO_VALUE_ON_ZERO";
START TRANSACTION;
SET time_zone = "+00:00";


/*!40101 SET @OLD_CHARACTER_SET_CLIENT=@@CHARACTER_SET_CLIENT */;
/*!40101 SET @OLD_CHARACTER_SET_RESULTS=@@CHARACTER_SET_RESULTS */;
/*!40101 SET @OLD_COLLATION_CONNECTION=@@COLLATION_CONNECTION */;
/*!40101 SET NAMES utf8mb4 */;

--
-- Base de datos: `dbs13217995`
--

-- --------------------------------------------------------

--
-- Estructura de tabla para la tabla `naves`
--

CREATE TABLE `naves` (
  `id` int(11) NOT NULL,
  `tipo` varchar(20) DEFAULT NULL,
  `numero` varchar(10) NOT NULL
) ENGINE=InnoDB DEFAULT CHARSET=utf8mb4 COLLATE=utf8mb4_general_ci;

--
-- Volcado de datos para la tabla `naves`
--

INSERT INTO `naves` (`id`, `tipo`, `numero`) VALUES
(1, 'Nave 1', '1'),
(2, 'Nave 2', '2'),
(3, 'Nave 3', '3'),
(4, 'Nave 4', '4'),
(5, 'Nave 5', '5'),
(6, 'Nave 6', '6'),
(7, 'Nave 7', '7'),
(8, 'Nave 8', '8'),
(9, 'Amea 1', ''),
(10, 'Amea 5', ''),
(11, 'Murallón 1', ''),
(12, 'Murallón 2', '');

-- --------------------------------------------------------

--
-- Estructura de tabla para la tabla `puestos`
--

CREATE TABLE `puestos` (
  `id` int(11) NOT NULL,
  `caseta` char(5) NOT NULL,
  `nombre` varchar(50) NOT NULL DEFAULT 'Desconocido',
  `imagen` mediumtext DEFAULT NULL,
  `contacto` varchar(250) DEFAULT NULL,
  `telefono` varchar(15) DEFAULT NULL,
  `id_nave` int(11) DEFAULT NULL,
  `activo` tinyint(1) NOT NULL DEFAULT 1,
  `tipo_unity` varchar(30) NOT NULL DEFAULT 'default',
  `caseta_padre` char(5) DEFAULT NULL
) ENGINE=InnoDB DEFAULT CHARSET=utf8mb4 COLLATE=utf8mb4_general_ci;

--
-- Volcado de datos para la tabla `puestos`
--

INSERT INTO `puestos` (`id`, `caseta`, `nombre`, `imagen`, `contacto`, `telefono`, `id_nave`, `activo`, `tipo_unity`, `caseta_padre`) VALUES
(1, 'CE001', 'Bibi', '', '', '', 9, 1, 'handicraft', NULL),
(2, 'CE002', '', '', '', '', 9, 1, 'default', 'CE001'),
(3, 'CE003', 'Cuarto Pexigo', '', '', '', 9, 1, 'handicraft', NULL),
(4, 'CE004', '', '', '', '', 9, 1, 'default', 'CE003'),
(5, 'CE005', '', '', '', '', 9, 1, 'default', 'CE003'),
(6, 'CE006', '', '', '', '', 9, 1, 'default', 'CE005'),
(7, 'CE007', 'Flor de Santiago', '', '', '', 9, 1, 'handicraft', NULL),
(8, 'CE008', '', '', '', '', 9, 1, 'default', 'CE007'),
(9, 'CE009', 'Zoclos', '', '', '', 9, 1, 'handicraft', NULL),
(10, 'CE010', '', '', '', '', 9, 1, 'default', 'CE009'),
(11, 'CE011', '', '', '', '', 9, 0, 'default', 'CE009'),
(12, 'CE012', '', '', '', '', 9, 1, 'default', NULL),
(13, 'CE013', 'Abastos 2,0', '', '', '', 9, 1, 'restaurants', NULL),
(14, 'CE014', '', '', '', '', 9, 1, 'default', 'CE013'),
(15, 'CE015', '', '', '', '', 9, 1, 'default', 'CE013'),
(16, 'CE016', '', '', '', '', 9, 1, 'default', 'CE013'),
(17, 'CE017', '', '', '', '', 9, 1, 'default', 'CE013'),
(18, 'CE018', '', '', '', '', 9, 1, 'default', 'CE013'),
(19, 'CE019', 'Artesanía Tojo', '', '', '', 10, 1, 'handicraft', NULL),
(20, 'CE020', '', '', '', '', 10, 1, 'default', 'CE019'),
(21, 'CE021', 'Sr. Nilsson', '', '', '', 10, 1, 'handicraft', NULL),
(22, 'CE022', '', '', '', '', 10, 1, 'default', 'CE021'),
(23, 'CE023', '', '', '', '', 10, 1, 'default', 'CE021'),
(24, 'CE024', 'Pilgrim Bag', '', '', '', 10, 1, 'handicraft', NULL),
(25, 'CE025', 'La Flor', '', '', '', 10, 1, 'handicraft', NULL),
(26, 'CE026', '', '', '', '', 10, 1, 'default', 'CE025'),
(27, 'CE027', '', '', '', '', 10, 1, 'default', 'CE025'),
(28, 'CE028', 'Quenlla SCQ', '', '', '', 10, 1, 'handicraft', NULL),
(29, 'CE029', 'Flores Sabela', '', '', '', 10, 1, 'flowers', NULL),
(30, 'CE030', 'Charande', '', '', '', 10, 1, 'handicraft', NULL),
(31, 'CE031', '', '', '', '', 10, 1, 'default', 'CE030'),
(32, 'CE032', '', '', '', '', 10, 1, 'default', 'CE030'),
(33, 'CE033', '', '', '', '', 10, 1, 'default', 'CE030'),
(34, 'CE034', '', '', '', '', 10, 1, 'default', 'CE030'),
(35, 'CE035', '', '', '', '', 10, 1, 'default', 'CE030'),
(36, 'CE036', 'Garboandgarden', '', '', '', 10, 1, 'handicraft', NULL),
(37, 'CE037', '', '', '', '', 10, 1, 'default', 'CE036'),
(38, 'NC122', 'Carnicería Chelo-Muñico', '', '', '', 2, 1, 'butcher', NULL),
(39, 'NC126', 'Charcutería Hernández', '', '', '', 2, 1, 'delicatessen', NULL),
(40, 'NC130', 'NB Burguer', '', '', '', 2, 1, 'butcher', NULL),
(41, 'NC133', 'Obrador Muñico', '', '', '', 2, 1, 'butcher', NULL),
(42, 'NC135', 'Novo Posto', '', '', '', 2, 1, 'restaurants', NULL),
(43, 'NC136', 'Máis que queixo', '', '', '', 2, 1, 'delicatessen', NULL),
(44, 'NC138', 'Cortadoría Fina', '', '', '', 2, 1, 'butcher', NULL),
(45, 'NC142', 'Queixos Pepe', '', '', '', 2, 1, 'delicatessen', NULL),
(46, 'NC147', 'Polleria Orosa', '', '', '', 2, 1, 'butcher', NULL),
(47, 'NC152', 'Charcutería Lolita Cardelle', '', '', '', 6, 1, 'delicatessen', NULL),
(48, 'NC154', 'Carnicería Carmiña', '', '', '', 6, 1, 'butcher', NULL),
(49, 'NC159', 'Carnicería José Cardelle', '', '', '', 6, 1, 'butcher', NULL),
(50, 'NC163', 'Carnicería Pereiro', '', '', '', 6, 1, 'butcher', NULL),
(51, 'NC166', 'Charcuteria Campos', '', '', '', 6, 1, 'delicatessen', NULL),
(52, 'NC170', 'Charcutería Lolita Cardelle', '', '', '', 6, 1, 'delicatessen', NULL),
(53, 'NC173', 'Charcutería Villanustre', '', '', '', 6, 1, 'delicatessen', NULL),
(54, 'NC179', 'Carnicería Amparo', '', '', '', 6, 1, 'butcher', NULL),
(55, 'NC183', 'Panadería Mazas', '', '', '', 6, 1, 'bread-sweets', NULL),
(56, 'NC186', 'O Cangrexeiro', '', '', '', 3, 1, 'fish-seafood', NULL),
(57, 'NC188', 'Pescadería Bartolo', '', '', '', 3, 1, 'fish-seafood', NULL),
(58, 'NC190', 'Pescados Maximino', '', '', '', 3, 1, 'fish-seafood', NULL),
(59, 'NC193', 'Mariscos Chicha', '', '', '', 3, 1, 'fish-seafood', NULL),
(60, 'NC195', 'Conxelados Bermúdez', '', '', '', 3, 1, 'cod-frozen', NULL),
(61, 'NC201', 'Mariscos Touris Otero', '', '', '', 3, 1, 'fish-seafood', NULL),
(62, 'NC202', 'Mardelia', '', '', '', 3, 1, 'fish-seafood', NULL),
(63, 'NC205', 'Mariscos Virucha', '', '', '', 3, 1, 'fish-seafood', NULL),
(64, 'NC206', 'Mariscos Carmen', '', '', '', 3, 1, 'fish-seafood', NULL),
(65, 'NC208', 'Pescadería Milagros', '', '', '', 3, 1, 'fish-seafood', NULL),
(66, 'NC209', 'Mariscos Domíguez', '', '', '', 3, 1, 'fish-seafood', NULL),
(67, 'NC211', 'Trimar', '', '', '', 3, 1, 'fish-seafood', NULL),
(68, 'NC212', 'Pescadería Cambados', '', '', '', 3, 1, 'fish-seafood', NULL),
(69, 'NC214', 'Peixes Rosa', '', '', '', 3, 1, 'fish-seafood', NULL),
(70, 'NC216', 'Pescadería Buján', '', '', '', 3, 1, 'fish-seafood', NULL),
(71, 'NC218', 'Pollería Hilda', '', '', '', 7, 1, 'butcher', NULL),
(72, 'NC222', 'Ecogaliza', '', '', '', 7, 1, 'vegetables-organics', NULL),
(73, 'NC227', 'A Casa da Quenlla', '', '', '', 7, 1, 'vegetables-organics', NULL),
(74, 'NC242', 'Casa de Maripepa', '', '', '', 7, 1, 'butcher', NULL),
(75, 'NC253', 'Pescadería Mari Carmen', '', '', '', 4, 1, 'fish-seafood', 'NC252'),
(76, 'NC257', 'Mariscos Carlos', '', '', '', 4, 1, 'fish-seafood', NULL),
(77, 'NC260', 'Pescadería As Rianxeiras', '', '', '', 4, 1, 'fish-seafood', NULL),
(78, 'NC262', 'Pescadería Ollomol', '', '', '', 4, 1, 'fish-seafood', NULL),
(79, 'NC268', 'Pescadería Tembra', '', '', '', 4, 1, 'fish-seafood', NULL),
(80, 'NC272', 'Pescadería Mari Carmen II', '', '', '', 4, 1, 'fish-seafood', NULL),
(81, 'NC275', 'Conxelados Salamanca', '', '', '', 4, 1, 'cod-frozen', NULL),
(82, 'NC279', 'Pescadería Iglesias Mato (La Plaza)', '', '', '', 4, 1, 'fish-seafood', NULL),
(83, 'NC281', 'S. Coop. G. Rúa de Arosa', '', '', '', 4, 1, 'fish-seafood', NULL),
(84, 'NC283', 'Pescadería Montse', '', '', '', 4, 1, 'fish-seafood', NULL),
(85, 'NC284', 'Galimar', '', '', '', 4, 1, 'fish-seafood', NULL),
(86, 'NC287', 'Petiscos do Mar', '', '', '', 4, 1, 'fish-seafood', NULL),
(87, 'NC289', 'Pescadería D&#039;Agustín', '', '', '', 4, 1, 'fish-seafood', NULL),
(88, 'NC290', 'Os de Lola', '', '', '', 4, 1, 'fish-seafood', NULL),
(89, 'NC292', 'Alimentación Divina', '', '', '', 8, 1, 'bread-sweets', NULL),
(90, 'NC299', 'Carnicería María', '', '', '', 8, 1, 'butcher', NULL),
(91, 'NC303', 'Panadería Pájaro', '', '', '', 8, 1, 'bread-sweets', NULL),
(92, 'NC304', 'Charcutería Pájaro', '', '', '', 8, 1, 'delicatessen', NULL),
(93, 'NC310', 'Froitas Ana', '', '', '', 8, 1, 'vegetables-organics', NULL),
(94, 'NC313', 'Froitas e Hortalizas Jesús Rey', '', '', '', 8, 1, 'vegetables-organics', NULL),
(95, 'NC317', 'Bacallau Salamanca', '', '', '', 8, 1, 'fish-seafood', NULL),
(96, 'NC320', 'Pescadería Teresa', '', '', '', 8, 1, 'fish-seafood', NULL),
(97, 'NC322', 'Carnicería Narciso', '', '', '', 8, 1, 'butcher', NULL),
(98, 'NC324', 'A Cortadoría Rosa e Moncho', '', '', '', 8, 1, 'butcher', NULL),
(99, 'NC329', 'Froitas María Pereira', '', '', '', 8, 1, 'vegetables-organics', NULL),
(100, 'NA334', 'Verduras Evangelina', '', '', '', 11, 1, 'vegetables-organics', NULL),
(101, 'NA335', 'Lucía Pementos', '', '', '', 11, 1, 'vegetables-organics', NULL),
(102, 'NA337', 'Panadería A Tilleira', '', '', '', 11, 1, 'bread-sweets', NULL),
(103, 'NA338', 'Naranjas de Castellón', '', '', '', 11, 1, 'vegetables-organics', NULL),
(104, 'NA339', 'Panadería Santa María', '', '', '', 11, 1, 'bread-sweets', NULL),
(105, 'NA341', 'Hortalizas Teima Labrega', '', '', '', 11, 1, 'vegetables-organics', NULL),
(106, 'NA345', 'Froitas Maritza', '', '', '', 11, 1, 'vegetables-organics', NULL),
(107, 'NA346', 'José Bermúdez Gourmet', '', '', '', 11, 1, 'restaurants', NULL),
(108, 'NA351', 'Verduras Rivera Magariños', '', '', '', 11, 1, 'vegetables-organics', NULL),
(109, 'NA352', 'Verduras Cacabelos', '', '', '', 12, 1, 'vegetables-organics', NULL),
(110, 'NA353', 'Frutas Fina', '', '', '', 12, 1, 'vegetables-organics', NULL),
(111, 'NA359', 'Verduras Monserrat', '', '', '', 12, 1, 'vegetables-organics', NULL),
(112, 'NA362', 'Natural Take Over', '', '', '', 12, 1, 'restaurants', NULL),
(113, 'NA364', 'Verduras Alicia', '', '', '', 12, 1, 'vegetables-organics', NULL),
(114, 'MC001', 'Patacas Villaverde', '', '', '', 2, 1, 'vegetables-organics', NULL),
(115, 'MC002', 'A Viñoteca do Mercado', '', '', '', 2, 1, 'restaurants', NULL),
(116, 'MC003', 'Froitería Cousas do Campo', '', '', '', 3, 1, 'restaurants', NULL),
(117, 'MC004', 'Jamonería Gude', '', '', '', 1, 1, 'restaurants', NULL),
(118, 'MC005', 'Patacas Gómez', '', '', '', 6, 1, 'handicraft', NULL),
(119, 'NC045', 'Primicias Raiña', '', '', '', 1, 1, 'bread-sweets', NULL),
(120, 'MC006', 'Flores Carmiña', '', '', '', 6, 1, 'flowers', NULL),
(121, 'CO121', '', '', '', '', 1, 1, 'default', 'CO120'),
(123, 'CO123', '', '', '', '', 1, 1, 'default', 'CO122'),
(124, 'CO124', '', '', '', '', 1, 1, 'default', 'CO122'),
(125, 'CO125', '', '', '', '', 1, 1, 'default', NULL),
(131, 'CO131', '', '', '', '', 1, 1, 'butcher', NULL),
(132, 'CO132', '', '', '', '', 1, 1, 'butcher', NULL),
(153, 'NC153', '', NULL, '', '', 6, 1, 'default', 'NC152'),
(155, 'NC155', '', NULL, '', '', 6, 1, 'default', 'NC154'),
(156, 'NC156', '', NULL, '', '', 6, 1, 'default', 'NC154'),
(157, 'NC157', '', NULL, '', '', 6, 1, 'default', 'NC154'),
(158, 'NC158', '', NULL, '', '', 6, 0, 'default', NULL),
(160, 'NC160', '', NULL, '', '', 6, 1, 'default', 'NC159'),
(161, 'NC161', '', NULL, '', '', 6, 1, 'default', 'NC159'),
(162, 'NC162', '', NULL, '', '', 6, 1, 'default', 'NC159'),
(164, 'NC164', '', NULL, '', '', 6, 1, 'default', 'NC163'),
(165, 'NC165', '', NULL, '', '', 6, 0, 'default', NULL),
(167, 'NC167', '', NULL, '', '', 6, 1, 'default', 'NC166'),
(168, 'NC168', '', NULL, '', '', 6, 1, 'default', 'NC166'),
(169, 'NC169', '', NULL, '', '', 6, 0, 'default', NULL),
(171, 'NC171', '', NULL, '', '', 6, 1, 'default', 'NC170'),
(172, 'NC172', '', NULL, '', '', 6, 1, 'default', 'NC170'),
(174, 'NC174', '', NULL, '', '', 6, 1, 'default', 'NC173'),
(175, 'NC175', '', NULL, '', '', 6, 1, 'default', 'NC173'),
(176, 'NC176', '', NULL, '', '', 6, 0, 'default', NULL),
(177, 'NC177', '', NULL, '', '', 6, 0, 'default', NULL),
(178, 'NC178', '', NULL, '', '', 6, 0, 'default', NULL),
(180, 'NC180', '', NULL, '', '', 6, 1, 'default', 'NC179'),
(181, 'NC181', '', NULL, '', '', 6, 1, 'default', 'NC179'),
(182, 'NC182', '', NULL, '', '', 6, 1, 'default', 'NC179'),
(184, 'NC184', '', NULL, '', '', 6, 1, 'default', 'NC183'),
(185, 'NC185', '', NULL, '', '', 6, 0, 'default', NULL),
(186, 'CO186', '', NULL, NULL, NULL, 3, 1, 'default', NULL),
(187, 'CO187', '', NULL, NULL, NULL, 3, 1, 'default', NULL),
(188, 'CO188', '', NULL, NULL, NULL, 3, 1, 'default', NULL),
(189, 'CO189', '', NULL, NULL, NULL, 3, 1, 'default', NULL),
(190, 'CO190', '', NULL, NULL, NULL, 3, 1, 'default', NULL),
(191, 'CO191', '', NULL, NULL, NULL, 3, 1, 'default', NULL),
(192, 'CO192', '', NULL, NULL, NULL, 3, 1, 'default', NULL),
(193, 'CO193', '', NULL, NULL, NULL, 3, 1, 'default', NULL),
(194, 'CO194', '', NULL, NULL, NULL, 3, 1, 'default', NULL),
(195, 'CO195', '', NULL, NULL, NULL, 3, 1, 'default', NULL),
(196, 'CO196', '', NULL, NULL, NULL, 3, 1, 'default', NULL),
(197, 'CO197', '', NULL, NULL, NULL, 3, 1, 'default', NULL),
(198, 'CO198', '', NULL, NULL, NULL, 3, 1, 'default', NULL),
(199, 'CO199', '', NULL, NULL, NULL, 3, 1, 'default', NULL),
(219, 'NC219', '', NULL, '', '', 7, 1, 'default', 'NC218'),
(220, 'NC220', '', NULL, '', '', 7, 0, 'default', NULL),
(221, 'NC221', '', NULL, '', '', 7, 0, 'default', NULL),
(223, 'NC223', '', NULL, '', '', 7, 1, 'default', 'NC222'),
(224, 'NC224', '', NULL, '', '', 7, 1, 'default', 'NC222'),
(225, 'NC225', '', NULL, '', '', 7, 0, 'default', NULL),
(226, 'NC226', '', NULL, '', '', 7, 0, 'default', NULL),
(228, 'NC228', '', NULL, '', '', 7, 1, 'default', 'NC227'),
(229, 'NC229', '', NULL, '', '', 7, 1, 'default', 'NC227'),
(230, 'NC230', '', NULL, NULL, NULL, 7, 0, 'default', NULL),
(231, 'NC231', '', NULL, NULL, NULL, 7, 0, 'default', NULL),
(232, 'NC232', '', NULL, NULL, NULL, 7, 0, 'default', NULL),
(233, 'NC233', '', NULL, NULL, NULL, 7, 0, 'default', NULL),
(234, 'NC234', '', NULL, NULL, NULL, 7, 0, 'default', NULL),
(235, 'NC235', '', NULL, NULL, NULL, 7, 0, 'default', NULL),
(236, 'NC236', '', NULL, NULL, NULL, 7, 0, 'default', NULL),
(237, 'NC237', '', NULL, NULL, NULL, 7, 0, 'cod-frozen', NULL),
(238, 'NC238', '', NULL, NULL, NULL, 7, 0, 'cod-frozen', NULL),
(239, 'NC239', '', NULL, NULL, NULL, 7, 0, 'cod-frozen', NULL),
(240, 'NC240', '', NULL, NULL, NULL, 7, 0, 'cod-frozen', NULL),
(241, 'NC241', '', NULL, NULL, NULL, 7, 0, 'default', NULL),
(243, 'NC243', '', NULL, '', '', 7, 1, 'default', 'NC242'),
(244, 'NC244', '', NULL, NULL, NULL, 7, 0, 'default', NULL),
(245, 'NC245', '', NULL, NULL, NULL, 7, 0, 'default', NULL),
(246, 'NC246', '', NULL, NULL, NULL, 7, 0, 'default', NULL),
(247, 'NC247', '', NULL, NULL, NULL, 7, 0, 'default', NULL),
(248, 'NC248', '', NULL, NULL, NULL, 7, 0, 'default', NULL),
(249, 'NC249', '', NULL, NULL, NULL, 7, 0, 'default', NULL),
(250, 'NC250', '', NULL, NULL, NULL, 7, 0, 'default', NULL),
(251, 'NC251', '', NULL, NULL, NULL, 7, 0, 'default', NULL),
(252, 'NC252', '', NULL, NULL, NULL, 4, 0, 'default', NULL),
(293, 'NC293', '', NULL, '', '', 8, 1, 'default', 'NC292'),
(294, 'NC294', '', NULL, '', '', 8, 1, 'default', 'NC292'),
(295, 'NC295', '', NULL, '', '', 8, 1, 'default', 'NC292'),
(296, 'NC296', '', NULL, '', '', 8, 0, 'default', NULL),
(297, 'NC297', '', NULL, '', '', 8, 0, 'default', NULL),
(298, 'NC298', '', NULL, '', '', 8, 0, 'default', NULL),
(300, 'NC300', '', NULL, '', '', 8, 1, 'default', 'NC299'),
(301, 'NC301', '', NULL, '', '', 8, 1, 'default', 'NC299'),
(302, 'NC302', '', NULL, '', '', 8, 1, 'default', 'NC299'),
(305, 'NC305', '', NULL, '', '', 8, 1, 'default', 'NC304'),
(306, 'NC306', '', NULL, '', '', 8, 1, 'default', 'NC304'),
(307, 'NC307', '', NULL, '', '', 8, 0, 'default', NULL),
(308, 'NC308', '', NULL, '', '', 8, 0, 'default', NULL),
(309, 'NC309', '', NULL, '', '', 8, 0, 'default', NULL),
(311, 'NC311', '', NULL, '', '', 8, 1, 'default', 'NC310'),
(312, 'NC312', '', NULL, '', '', 8, 1, 'default', 'NC310'),
(314, 'NC314', '', NULL, '', '', 8, 1, 'default', 'NC313'),
(315, 'NC315', '', NULL, '', '', 8, 1, 'default', 'NC313'),
(316, 'NC316', '', NULL, '', '', 8, 0, 'default', NULL),
(318, 'NC318', '', NULL, '', '', 8, 1, 'default', 'NC317'),
(319, 'NC319', '', NULL, '', '', 8, 1, 'default', 'NC317'),
(321, 'NC321', '', NULL, '', '', 8, 1, 'cod-frozen', 'NC320'),
(323, 'NC323', '', NULL, '', '', 8, 1, 'cod-frozen', 'NC322'),
(325, 'NC325', '', NULL, '', '', 8, 1, 'default', 'NC324'),
(326, 'NC326', '', NULL, '', '', 8, 1, 'default', 'NC324'),
(327, 'NC327', '', NULL, '', '', 8, 1, 'default', 'NC324'),
(328, 'NC328', '', NULL, '', '', 8, 1, 'default', 'NC324'),
(330, 'NC330', '', NULL, '', '', 8, 1, 'default', 'NC329'),
(331, 'NC331', '', NULL, '', '', 8, 1, 'default', 'NC329'),
(332, 'NC332', '', NULL, '', '', 8, 1, 'default', 'NC329'),
(333, 'NC333', '', NULL, '', '', 8, 1, 'default', 'NC329'),
(336, 'NA336', '', NULL, '', '', 11, 1, 'default', 'NA335'),
(354, 'NA354', '', NULL, '', '', 12, 1, 'default', 'NA353'),
(355, 'NA355', '', NULL, '', '', 12, 0, 'default', NULL),
(356, 'NA356', '', NULL, '', '', 12, 0, 'default', NULL),
(357, 'NA357', '', NULL, '', '', 12, 0, 'default', NULL),
(358, 'NA358', '', NULL, '', '', 12, 0, 'default', NULL),
(360, 'NA360', '', NULL, '', '', 12, 1, 'default', 'NA359'),
(361, 'NA361', '', NULL, '', '', 12, 0, 'default', NULL),
(363, 'NA363', '', NULL, '', '', 12, 0, 'default', NULL),
(365, 'NA365', '', NULL, '', '', 12, 0, 'default', NULL),
(366, 'NA366', '', NULL, '', '', 12, 0, 'default', NULL),
(367, 'NA367', '', NULL, '', '', 12, 0, 'default', 'NA366'),
(368, 'NA368', '', NULL, '', '', 12, 0, 'default', 'NA366'),
(369, 'NA369', '', NULL, '', '', 12, 0, 'default', NULL),
(370, 'NA370', '', NULL, '', '', 12, 0, 'default', NULL),
(399, 'NC039', '', '', '', '', 1, 1, 'default', 'NC038'),
(401, 'NC041', '', '', '', '', 1, 1, 'default', 'NC040'),
(402, 'NC042', '', NULL, '', '', 1, 0, 'default', NULL),
(403, 'NC043', '', NULL, '', '', 1, 0, 'default', NULL),
(404, 'NC044', '', NULL, '', '', 1, 0, 'default', NULL),
(405, 'NC046', '', '', '', '', 1, 1, 'default', 'NC045'),
(406, 'NC047', '', NULL, '', '', 1, 0, 'default', NULL),
(407, 'NC048', '', NULL, '', '', 1, 0, 'default', NULL),
(408, 'NC050', '', '', '', '', 1, 1, 'default', 'NC049'),
(411, 'NC051', '', NULL, '', '', 1, 0, 'default', NULL),
(412, 'NC052', '', NULL, '', '', 1, 0, 'default', NULL),
(413, 'NC053', '', NULL, '', '', 1, 0, 'default', NULL),
(415, 'NC055', '', '', '', '', 1, 1, 'default', 'NC054'),
(416, 'NC056', '', '', '', '', 1, 1, 'default', 'NC054'),
(417, 'NC057', '', '', '', '', 1, 1, 'default', 'NC054'),
(431, 'NC071', '', NULL, '', '', 1, 1, 'default', 'NC070'),
(432, 'NC072', '', NULL, '', '', 1, 1, 'default', 'NC070'),
(433, 'NC073', '', NULL, '', '', 1, 0, 'default', NULL),
(435, 'NC075', '', NULL, '', '', 1, 1, 'default', 'NC074'),
(436, 'NC076', '', NULL, '', '', 1, 1, 'default', 'NC074'),
(437, 'NC077', '', NULL, '', '', 1, 1, 'default', 'NC074'),
(438, 'NC078', '', NULL, '', '', 5, 0, 'default', NULL),
(439, 'NC079', '', NULL, '', '', 5, 0, 'default', 'NC078'),
(440, 'NC080', 'Mariscomanía', NULL, '', '', 5, 1, 'restaurants', NULL),
(441, 'NC082', '', NULL, '', '', 5, 1, 'default', 'NC080'),
(443, 'NC083', '', NULL, '', '', 5, 1, 'default', 'NC080'),
(444, 'NC084', '', NULL, '', '', 5, 1, 'default', 'NC080'),
(445, 'NC085', '', NULL, '', '', 5, 1, 'default', 'NC080'),
(447, 'NC087', '', NULL, '', '', 5, 1, 'default', 'NC086'),
(449, 'NC089', '', NULL, '', '', 5, 1, 'default', 'NC088'),
(451, 'NC091', '', NULL, '', '', 5, 1, 'default', 'NC090'),
(452, 'NC092', '', NULL, '', '', 5, 1, 'default', 'NC090'),
(453, 'NC093', '', NULL, '', '', 5, 1, 'default', 'NC090'),
(455, 'NC095', '', NULL, '', '', 5, 1, 'default', 'NC094'),
(456, 'NC096', '', NULL, '', '', 5, 1, 'default', 'NC094'),
(457, 'NC097', '', NULL, '', '', 5, 0, 'default', NULL),
(458, 'NC098', '', NULL, '', '', 5, 0, 'default', 'NC097'),
(459, 'NC099', '', NULL, '', '', 5, 0, 'default', NULL),
(460, 'NC100', '', NULL, '', '', 5, 0, 'default', 'NC099'),
(462, 'NC102', '', NULL, '', '', 5, 1, 'default', 'NC101'),
(463, 'NC103', '', NULL, '', '', 5, 1, 'default', 'NC101'),
(465, 'NC105', '', NULL, '', '', 5, 1, 'default', 'NC104'),
(466, 'NC106', '', NULL, '', '', 5, 1, 'default', 'NC104'),
(467, 'NC108', '', NULL, '', '', 5, 1, 'default', 'NC107'),
(469, 'NC109', '', NULL, '', '', 5, 1, 'default', 'NC107'),
(471, 'NC111', '', NULL, '', '', 5, 1, 'default', 'NC110'),
(472, 'NC112', '', NULL, '', '', 5, 1, 'default', 'NC110'),
(473, 'NC113', '', NULL, '', '', 5, 1, 'default', 'NC110'),
(475, 'NC115', '', NULL, '', '', 5, 1, 'default', 'NC114'),
(477, 'NC117', '', NULL, '', '', 5, 1, 'default', 'NC116'),
(478, 'NC118', '', NULL, '', '', 5, 0, 'default', NULL),
(479, 'NC119', '', NULL, '', '', 5, 0, 'default', 'NC118'),
(481, 'NC121', '', NULL, '', '', 2, 1, 'default', 'NC120'),
(938, 'NC038', 'Carnicería Luis', '', '', '', 1, 1, 'butcher', NULL),
(940, 'NC040', 'Galimar Cocedero', '', '', '', 1, 1, 'restaurants', NULL),
(949, 'NC049', 'Galo Celta', '', '', '', 1, 1, 'butcher', NULL),
(954, 'NC054', 'A dos Capelo', '', '', '', 1, 1, 'butcher', NULL),
(958, 'NC058', 'Verduras Lela', '', '', '', 1, 1, 'vegetables-organics', NULL),
(959, 'NC059', 'Cocina Abastos', '', '', '', 1, 1, 'default', 'NC058'),
(963, 'NC063', 'Muna', '', '', '', 1, 1, 'restaurants', NULL),
(965, 'NC065', 'Charcutería Seco', '', '', '', 1, 1, 'delicatessen', NULL),
(970, 'NC070', 'Carnicería Manolo de Conxo', '', '', '', 1, 1, 'butcher', NULL),
(974, 'NC074', 'Carnicería Carlos', '', '', '', 1, 1, 'butcher', NULL),
(981, 'NC081', 'Mariscomanía', '', '', '', 5, 1, 'restaurants', 'NC080'),
(986, 'NC086', 'Casa Millan', '', '', '', 5, 1, 'restaurants', NULL),
(988, 'NC088', 'Cantina 3', '', '', '', 5, 1, 'restaurants', NULL),
(990, 'NC090', 'Amoado', '', '', '', 5, 1, 'restaurants', NULL),
(994, 'NC094', 'Taberna Abastos', '', '', '', 5, 1, 'restaurants', NULL),
(9101, 'NC101', 'Mariscomania', '', '', '', 5, 1, 'fish-seafood', NULL),
(9104, 'NC104', 'Vinos y Fogones', '', '', '', 5, 1, 'restaurants', NULL),
(9107, 'NC107', 'Pulperia Abastos', '', '', '', 5, 1, 'fish-seafood', NULL),
(9110, 'NC110', 'Ostrería', '', '', '', 5, 1, 'restaurants', NULL),
(9114, 'NC114', 'Febras', '', '', '', 5, 1, 'restaurants', NULL),
(9116, 'NC116', 'Tarela', '', '', '', 5, 1, 'restaurants', NULL),
(9120, 'NC120', 'Carnicería Pilar González', '', '', '', 2, 1, 'butcher', NULL),
(9121, 'NC123', 'Desconocido', NULL, '', '', 2, 1, 'default', 'NC122'),
(9122, 'NC124', 'Desconocido', NULL, '', '', 2, 1, 'default', 'NC122'),
(9123, 'NC125', 'Desconocido', NULL, '', '', 2, 1, 'default', 'NC122'),
(9124, 'NC127', 'Desconocido', NULL, '', '', 2, 1, 'default', 'NC126'),
(9125, 'NC128', 'Desconocido', NULL, '', '', 2, 1, 'default', 'NC126'),
(9126, 'NC129', 'Desconocido', NULL, '', '', 2, 1, 'default', 'NC126'),
(9127, 'NC131', 'Desconocido', NULL, '', '', 2, 1, 'default', 'NC130'),
(9128, 'NC132', 'Desconocido', NULL, '', '', 2, 1, 'default', 'NC130'),
(9129, 'NC134', 'Desconocido', NULL, '', '', 2, 1, 'default', 'NC133'),
(9130, 'NC137', 'Desconocido', NULL, '', '', 2, 1, 'default', 'NC136'),
(9131, 'NC139', 'Desconocido', NULL, '', '', 2, 1, 'default', 'NC138'),
(9132, 'NC140', 'Desconocido', NULL, '', '', 2, 1, 'default', 'NC138'),
(9133, 'NC141', 'Desconocido', NULL, '', '', 2, 1, 'default', 'NC138'),
(9134, 'NC143', 'Desconocido', NULL, '', '', 2, 1, 'default', 'NC142'),
(9135, 'NC144', 'Desconocido', NULL, '', '', 2, 1, 'default', 'NC142'),
(9136, 'NC145', '', NULL, '', '', 2, 0, 'default', NULL),
(9137, 'NC146', '', NULL, '', '', 2, 0, 'default', 'NC145'),
(9138, 'NC148', 'Desconocido', NULL, '', '', 2, 1, 'default', 'NC147'),
(9139, 'NC149', 'Desconocido', NULL, '', '', 2, 1, 'default', 'NC147'),
(9140, 'NC150', 'Desconocido', NULL, '', '', 2, 1, 'default', 'NC147'),
(9141, 'NC151', 'Desconocido', NULL, '', '', 2, 1, 'default', 'NC147'),
(9142, 'NC187', '', '', '', '', 3, 1, 'default', 'NC186'),
(9143, 'NC189', '', '', '', '', 3, 1, 'default', 'NC188'),
(9144, 'NC191', '', '', '', '', 3, 1, 'default', 'NC190'),
(9145, 'NC192', '', '', '', '', 3, 1, 'default', 'NC190'),
(9146, 'NC194', '', '', '', '', 3, 1, 'default', 'NC193'),
(9147, 'NC196', '', '', '', '', 3, 1, 'default', 'NC195'),
(9148, 'NC197', '', '', '', '', 3, 1, 'default', 'NC195'),
(9149, 'NC198', '', '', '', '', 3, 1, 'default', 'NC195'),
(9150, 'NC199', '', '', '', '', 3, 1, 'default', 'NC195'),
(9151, 'NC200', '', '', '', '', 3, 1, 'default', 'NC195'),
(9152, 'NC203', '', '', '', '', 3, 1, 'default', 'NC202'),
(9153, 'NC204', '', '', '', '', 3, 1, 'default', 'NC202'),
(9154, 'NC207', '', '', '', '', 3, 1, 'default', 'NC206'),
(9155, 'NC210', '', '', '', '', 3, 1, 'default', 'NC209'),
(9156, 'NC213', '', '', '', '', 3, 1, 'default', 'NC212'),
(9157, 'NC215', '', '', '', '', 3, 1, 'default', 'NC214'),
(9158, 'NC217', '', '', '', '', 3, 1, 'default', 'NC216'),
(9159, 'NC254', '', '', '', '', 4, 1, 'default', 'NC252'),
(9160, 'NC255', '', '', '', '', 4, 1, 'default', 'NC252'),
(9161, 'NC256', '', '', '', '', 4, 1, 'default', 'NC252'),
(9162, 'NC258', '', '', '', '', 4, 1, 'default', 'NC257'),
(9163, 'NC259', '', '', '', '', 4, 1, 'default', 'NC257'),
(9164, 'NC261', '', '', '', '', 4, 1, 'default', 'NC260'),
(9165, 'NC263', '', '', '', '', 4, 1, 'default', 'NC262'),
(9166, 'NC264', '', '', '', '', 4, 1, 'default', 'NC262'),
(9167, 'NC265', '', '', '', '', 4, 1, 'default', 'NC262'),
(9168, 'NC266', '', '', '', '', 4, 1, 'default', 'NC262'),
(9169, 'NC267', '', '', '', '', 4, 1, 'default', 'NC262'),
(9170, 'NC269', '', '', '', '', 4, 1, 'default', 'NC268'),
(9171, 'NC270', '', '', '', '', 4, 1, 'default', 'NC268'),
(9172, 'NC271', '', '', '', '', 4, 1, 'default', 'NC268'),
(9173, 'NC273', '', '', '', '', 4, 1, 'default', 'NC272'),
(9174, 'NC274', '', '', '', '', 4, 1, 'default', 'NC272'),
(9175, 'NC276', '', '', '', '', 4, 1, 'default', 'NC275'),
(9176, 'NC277', '', '', '', '', 4, 1, 'default', 'NC275'),
(9177, 'NC278', '', '', '', '', 4, 1, 'default', 'NC275'),
(9178, 'NC280', '', '', '', '', 4, 1, 'default', 'NC279'),
(9179, 'NC282', '', '', '', '', 4, 1, 'default', 'NC281'),
(9180, 'NC285', '', '', '', '', 4, 1, 'default', NULL),
(9181, 'NC286', '', '', '', '', 4, 1, 'default', 'NC285'),
(9182, 'NC288', '', '', '', '', 4, 1, 'default', 'NC287'),
(9183, 'NC291', '', '', '', '', 4, 1, 'default', 'NC290'),
(9184, 'NA340', '', '', '', '', 11, 1, '', 'NA339'),
(9185, 'NA342', '', '', '', '', 11, 1, '', 'NA341'),
(9186, 'NA343', '', '', '', '', 11, 1, '', ''),
(9187, 'NA344', '', '', '', '', 11, 1, '', 'NA343'),
(9188, 'NA347', '', '', '', '', 11, 1, 'default', 'NA346'),
(9189, 'NA348', '', '', '', '', 11, 1, 'default', 'NA346'),
(9190, 'NA349', '', '', '', '', 11, 1, 'default', 'NA346'),
(9191, 'NA350', '', '', '', '', 11, 1, 'default', 'NA346');

-- --------------------------------------------------------

--
-- Estructura de tabla para la tabla `puestos_traducciones`
--

CREATE TABLE `puestos_traducciones` (
  `id` int(11) NOT NULL,
  `puesto_id` int(11) NOT NULL,
  `codigo_idioma` varchar(5) NOT NULL,
  `nombre_idioma` varchar(20) NOT NULL,
  `tipo` varchar(50) NOT NULL,
  `descripcion` text DEFAULT NULL
) ENGINE=InnoDB DEFAULT CHARSET=utf8mb4 COLLATE=utf8mb4_general_ci;

--
-- Volcado de datos para la tabla `puestos_traducciones`
--

INSERT INTO `puestos_traducciones` (`id`, `puesto_id`, `codigo_idioma`, `nombre_idioma`, `tipo`, `descripcion`) VALUES
(1, 1, 'es', 'Español', 'Artesanía', ''),
(2, 1, 'gl', 'Gallego', 'Artesanía', 'Traducción en gallego y bla bla blazz'),
(3, 1, 'en', 'Inglés', 'Handicraft', ''),
(4, 1, 'fr', 'Francés', 'Artesanía', ''),
(5, 2, 'es', 'Español', '', ''),
(6, 2, 'gl', 'Gallego', 'Artesanía', ''),
(7, 2, 'en', 'Inglés', '', ''),
(8, 2, 'fr', 'Francés', '', ''),
(9, 3, 'es', 'Español', 'Artesanía', ''),
(10, 3, 'gl', 'Gallego', 'Artesanía', ''),
(11, 3, 'en', 'Inglés', 'Handicraft', ''),
(12, 3, 'fr', 'Francés', 'Artesanía', ''),
(13, 4, 'es', 'Español', '', ''),
(14, 4, 'gl', 'Gallego', '', ''),
(15, 4, 'en', 'Inglés', '', ''),
(16, 4, 'fr', 'Francés', '', ''),
(17, 5, 'es', 'Español', '', ''),
(18, 5, 'gl', 'Gallego', '', ''),
(19, 5, 'en', 'Inglés', '', ''),
(20, 5, 'fr', 'Francés', '', ''),
(21, 6, 'es', 'Español', '', ''),
(22, 6, 'gl', 'Gallego', '', ''),
(23, 6, 'en', 'Inglés', '', ''),
(24, 6, 'fr', 'Francés', '', ''),
(25, 7, 'es', 'Español', 'Artesanía', ''),
(26, 7, 'gl', 'Gallego', 'Artesanía', ''),
(27, 7, 'en', 'Inglés', 'Handicraft', ''),
(28, 7, 'fr', 'Francés', 'Artesanía', ''),
(29, 8, 'es', 'Español', '', ''),
(30, 8, 'gl', 'Gallego', '', ''),
(31, 8, 'en', 'Inglés', '', ''),
(32, 8, 'fr', 'Francés', '', ''),
(33, 9, 'es', 'Español', 'Reparación de Calzado', ''),
(34, 9, 'gl', 'Gallego', 'Reparación do Calzado', ''),
(35, 9, 'en', 'Inglés', 'Restaurants', ''),
(36, 9, 'fr', 'Francés', 'Reparación de Calzado', ''),
(37, 10, 'es', 'Español', '', ''),
(38, 10, 'gl', 'Gallego', '', ''),
(39, 10, 'en', 'Inglés', '', ''),
(40, 10, 'fr', 'Francés', '', ''),
(41, 11, 'es', 'Español', '', ''),
(42, 11, 'gl', 'Gallego', '', ''),
(43, 11, 'en', 'Inglés', '', ''),
(44, 11, 'fr', 'Francés', '', ''),
(45, 12, 'es', 'Español', '', ''),
(46, 12, 'gl', 'Gallego', '', ''),
(47, 12, 'en', 'Inglés', '', ''),
(48, 12, 'fr', 'Francés', '', ''),
(49, 13, 'es', 'Español', 'Restaurante', ''),
(50, 13, 'gl', 'Gallego', 'Restaurante', ''),
(51, 13, 'en', 'Inglés', 'Restaurants', ''),
(52, 13, 'fr', 'Francés', 'Restaurante', ''),
(53, 14, 'es', 'Español', '', ''),
(54, 14, 'gl', 'Gallego', '', ''),
(55, 14, 'en', 'Inglés', '', ''),
(56, 14, 'fr', 'Francés', '', ''),
(57, 15, 'es', 'Español', '', ''),
(58, 15, 'gl', 'Gallego', '', ''),
(59, 15, 'en', 'Inglés', '', ''),
(60, 15, 'fr', 'Francés', '', ''),
(61, 16, 'es', 'Español', '', ''),
(62, 16, 'gl', 'Gallego', '', ''),
(63, 16, 'en', 'Inglés', '', ''),
(64, 16, 'fr', 'Francés', '', ''),
(65, 17, 'es', 'Español', '', ''),
(66, 17, 'gl', 'Gallego', '', ''),
(67, 17, 'en', 'Inglés', '', ''),
(68, 17, 'fr', 'Francés', '', ''),
(69, 18, 'es', 'Español', '', ''),
(70, 18, 'gl', 'Gallego', '', ''),
(71, 18, 'en', 'Inglés', '', ''),
(72, 18, 'fr', 'Francés', '', ''),
(73, 19, 'es', 'Español', 'Artesanía', ''),
(74, 19, 'gl', 'Gallego', 'Artesanía', ''),
(75, 19, 'en', 'Inglés', 'Handicraft', ''),
(76, 19, 'fr', 'Francés', 'Artesanía', ''),
(77, 20, 'es', 'Español', '', ''),
(78, 20, 'gl', 'Gallego', '', ''),
(79, 20, 'en', 'Inglés', '', ''),
(80, 20, 'fr', 'Francés', '', ''),
(81, 21, 'es', 'Español', 'Agasallos', ''),
(82, 21, 'gl', 'Gallego', 'Agasallos', ''),
(83, 21, 'en', 'Inglés', '', ''),
(84, 21, 'fr', 'Francés', 'Agasallos', ''),
(85, 22, 'es', 'Español', '', ''),
(86, 22, 'gl', 'Gallego', '', ''),
(87, 22, 'en', 'Inglés', '', ''),
(88, 22, 'fr', 'Francés', '', ''),
(89, 23, 'es', 'Español', '', ''),
(90, 23, 'gl', 'Gallego', '', ''),
(91, 23, 'en', 'Inglés', '', ''),
(92, 23, 'fr', 'Francés', '', ''),
(93, 24, 'es', 'Español', 'Bolsos', ''),
(94, 24, 'gl', 'Gallego', 'Bolsos', ''),
(95, 24, 'en', 'Inglés', 'Handicraft', ''),
(96, 24, 'fr', 'Francés', 'Bolsos', ''),
(97, 25, 'es', 'Español', 'Agasallos', ''),
(98, 25, 'gl', 'Gallego', 'Agasallos', ''),
(99, 25, 'en', 'Inglés', 'Handicraft', ''),
(100, 25, 'fr', 'Francés', 'Agasallos', ''),
(101, 26, 'es', 'Español', '', ''),
(102, 26, 'gl', 'Gallego', '', ''),
(103, 26, 'en', 'Inglés', '', ''),
(104, 26, 'fr', 'Francés', '', ''),
(105, 27, 'es', 'Español', '', ''),
(106, 27, 'gl', 'Gallego', '', ''),
(107, 27, 'en', 'Inglés', '', ''),
(108, 27, 'fr', 'Francés', '', ''),
(109, 28, 'es', 'Español', 'Agasallos', ''),
(110, 28, 'gl', 'Gallego', 'Agasallos', ''),
(111, 28, 'en', 'Inglés', 'Handicraft', ''),
(112, 28, 'fr', 'Francés', 'Agasallos', ''),
(113, 29, 'es', 'Español', 'Flores', ''),
(114, 29, 'gl', 'Gallego', 'Flores', ''),
(115, 29, 'en', 'Inglés', 'Flowers', ''),
(116, 29, 'fr', 'Francés', 'Flores', ''),
(117, 30, 'es', 'Español', 'Artesanía', ''),
(118, 30, 'gl', 'Gallego', 'Artesanía', ''),
(119, 30, 'en', 'Inglés', 'Handicraft', ''),
(120, 30, 'fr', 'Francés', 'Artesanía', ''),
(121, 31, 'es', 'Español', '', ''),
(122, 31, 'gl', 'Gallego', '', ''),
(123, 31, 'en', 'Inglés', '', ''),
(124, 31, 'fr', 'Francés', '', ''),
(125, 32, 'es', 'Español', '', ''),
(126, 32, 'gl', 'Gallego', '', ''),
(127, 32, 'en', 'Inglés', '', ''),
(128, 32, 'fr', 'Francés', '', ''),
(129, 33, 'es', 'Español', '', ''),
(130, 33, 'gl', 'Gallego', '', ''),
(131, 33, 'en', 'Inglés', '', ''),
(132, 33, 'fr', 'Francés', '', ''),
(133, 34, 'es', 'Español', '', ''),
(134, 34, 'gl', 'Gallego', '', ''),
(135, 34, 'en', 'Inglés', '', ''),
(136, 34, 'fr', 'Francés', '', ''),
(137, 35, 'es', 'Español', '', ''),
(138, 35, 'gl', 'Gallego', '', ''),
(139, 35, 'en', 'Inglés', '', ''),
(140, 35, 'fr', 'Francés', '', ''),
(141, 36, 'es', 'Español', 'Artesanía', ''),
(142, 36, 'gl', 'Gallego', 'Artesanía', ''),
(143, 36, 'en', 'Inglés', 'Handicraft', ''),
(144, 36, 'fr', 'Francés', 'Artesanía', ''),
(145, 37, 'es', 'Español', '', ''),
(146, 37, 'gl', 'Gallego', '', ''),
(147, 37, 'en', 'Inglés', '', ''),
(148, 37, 'fr', 'Francés', '', ''),
(149, 38, 'es', 'Español', 'Carnicería', ''),
(150, 38, 'gl', 'Gallego', 'Carnicería', ''),
(151, 38, 'en', 'Inglés', 'Butcher', ''),
(152, 38, 'fr', 'Francés', 'Carnicería', ''),
(153, 39, 'es', 'Español', 'Charcutería', ''),
(154, 39, 'gl', 'Gallego', 'Charcutería', ''),
(155, 39, 'en', 'Inglés', 'Delicatessen', ''),
(156, 39, 'fr', 'Francés', 'Charcutería', ''),
(157, 40, 'es', 'Español', 'Carnicería', ''),
(158, 40, 'gl', 'Gallego', 'Carnicería', ''),
(159, 40, 'en', 'Inglés', 'Butcher', ''),
(160, 40, 'fr', 'Francés', 'Carnicería', ''),
(161, 41, 'es', 'Español', 'Carnicería', ''),
(162, 41, 'gl', 'Gallego', 'Carnicería', ''),
(163, 41, 'en', 'Inglés', 'Butcher', ''),
(164, 41, 'fr', 'Francés', 'Carnicería', ''),
(165, 42, 'es', 'Español', '', ''),
(166, 42, 'gl', 'Gallego', '', ''),
(167, 42, 'en', 'Inglés', '', ''),
(168, 42, 'fr', 'Francés', '', ''),
(169, 43, 'es', 'Español', 'Queixos', ''),
(170, 43, 'gl', 'Gallego', 'Queixos', ''),
(171, 43, 'en', 'Inglés', 'Delicatessen', ''),
(172, 43, 'fr', 'Francés', 'Queixos', ''),
(173, 44, 'es', 'Español', 'Carnicería', ''),
(174, 44, 'gl', 'Gallego', 'Carnicería', ''),
(175, 44, 'en', 'Inglés', 'Butcher', ''),
(176, 44, 'fr', 'Francés', 'Carnicería', ''),
(177, 45, 'es', 'Español', 'Queixos', ''),
(178, 45, 'gl', 'Gallego', 'Queixos', ''),
(179, 45, 'en', 'Inglés', '', ''),
(180, 45, 'fr', 'Francés', 'Queixos', ''),
(181, 46, 'es', 'Español', 'Polos', ''),
(182, 46, 'gl', 'Gallego', 'Polos', ''),
(183, 46, 'en', 'Inglés', '', ''),
(184, 46, 'fr', 'Francés', 'Polos', ''),
(185, 47, 'es', 'Español', 'Charcutería', ''),
(186, 47, 'gl', 'Gallego', 'Charcutería', ''),
(187, 47, 'en', 'Inglés', 'Delicatessen', ''),
(188, 47, 'fr', 'Francés', 'Charcutería', ''),
(189, 48, 'es', 'Español', 'Carnicería', ''),
(190, 48, 'gl', 'Gallego', 'Carnicería', ''),
(191, 48, 'en', 'Inglés', 'Butcher', ''),
(192, 48, 'fr', 'Francés', 'Carnicería', ''),
(193, 49, 'es', 'Español', 'Carnicería', ''),
(194, 49, 'gl', 'Gallego', 'Carnicería', ''),
(195, 49, 'en', 'Inglés', 'Butcher', ''),
(196, 49, 'fr', 'Francés', 'Carnicería', ''),
(197, 50, 'es', 'Español', 'Carnicería', ''),
(198, 50, 'gl', 'Gallego', 'Carnicería', ''),
(199, 50, 'en', 'Inglés', 'Butcher', ''),
(200, 50, 'fr', 'Francés', 'Carnicería', ''),
(201, 51, 'es', 'Español', 'Charcutería', ''),
(202, 51, 'gl', 'Gallego', 'Charcutería', ''),
(203, 51, 'en', 'Inglés', 'Delicatessen', ''),
(204, 51, 'fr', 'Francés', 'Charcutería', ''),
(205, 52, 'es', 'Español', 'Charcutería', ''),
(206, 52, 'gl', 'Gallego', 'Charcutería', ''),
(207, 52, 'en', 'Inglés', 'Delicatessen', ''),
(208, 52, 'fr', 'Francés', 'Charcutería', ''),
(209, 53, 'es', 'Español', 'Charcutería', ''),
(210, 53, 'gl', 'Gallego', 'Charcutería', ''),
(211, 53, 'en', 'Inglés', 'Delicatessen', ''),
(212, 53, 'fr', 'Francés', 'Charcutería', ''),
(213, 54, 'es', 'Español', 'Carnicería', ''),
(214, 54, 'gl', 'Gallego', 'Carnicería', ''),
(215, 54, 'en', 'Inglés', 'Butcher', ''),
(216, 54, 'fr', 'Francés', 'Carnicería', ''),
(217, 55, 'es', 'Español', 'Panadería', ''),
(218, 55, 'gl', 'Gallego', 'Panadería', ''),
(219, 55, 'en', 'Inglés', 'Bread and Sweets', ''),
(220, 55, 'fr', 'Francés', 'Panadería', ''),
(221, 56, 'es', 'Español', 'Cocedero', ''),
(222, 56, 'gl', 'Gallego', 'Cocedero', ''),
(223, 56, 'en', 'Inglés', '', ''),
(224, 56, 'fr', 'Francés', 'Cocedero', ''),
(225, 57, 'es', 'Español', 'Peixería', ''),
(226, 57, 'gl', 'Gallego', 'Peixería', ''),
(227, 57, 'en', 'Inglés', 'Fish and seafood', ''),
(228, 57, 'fr', 'Francés', 'Peixería', ''),
(229, 58, 'es', 'Español', 'Peixería', ''),
(230, 58, 'gl', 'Gallego', 'Peixería', ''),
(231, 58, 'en', 'Inglés', 'Fish and seafood', ''),
(232, 58, 'fr', 'Francés', 'Peixería', ''),
(233, 59, 'es', 'Español', 'Peixería', ''),
(234, 59, 'gl', 'Gallego', 'Peixería', ''),
(235, 59, 'en', 'Inglés', 'Fish and seafood', ''),
(236, 59, 'fr', 'Francés', 'Peixería', ''),
(237, 60, 'es', 'Español', 'Conxelados', ''),
(238, 60, 'gl', 'Gallego', 'Conxelados', ''),
(239, 60, 'en', 'Inglés', 'Coz frozen', ''),
(240, 60, 'fr', 'Francés', 'Conxelados', ''),
(241, 61, 'es', 'Español', 'Peixería', ''),
(242, 61, 'gl', 'Gallego', 'Peixería', ''),
(243, 61, 'en', 'Inglés', 'Fish and seafood', ''),
(244, 61, 'fr', 'Francés', 'Peixería', ''),
(245, 62, 'es', 'Español', 'Peixería', ''),
(246, 62, 'gl', 'Gallego', 'Peixería', ''),
(247, 62, 'en', 'Inglés', 'Fish and seafood', ''),
(248, 62, 'fr', 'Francés', 'Peixería', ''),
(249, 63, 'es', 'Español', 'Peixería', ''),
(250, 63, 'gl', 'Gallego', 'Peixería', ''),
(251, 63, 'en', 'Inglés', 'Fish and seafood', ''),
(252, 63, 'fr', 'Francés', 'Peixería', ''),
(253, 64, 'es', 'Español', 'Peixería', ''),
(254, 64, 'gl', 'Gallego', 'Peixería', ''),
(255, 64, 'en', 'Inglés', 'Fish and seafood', ''),
(256, 64, 'fr', 'Francés', 'Peixería', ''),
(257, 65, 'es', 'Español', 'Peixería', ''),
(258, 65, 'gl', 'Gallego', 'Peixería', ''),
(259, 65, 'en', 'Inglés', 'Fish and seafood', ''),
(260, 65, 'fr', 'Francés', 'Peixería', ''),
(261, 66, 'es', 'Español', 'Peixería', ''),
(262, 66, 'gl', 'Gallego', 'Peixería', ''),
(263, 66, 'en', 'Inglés', 'Fish and seafood', ''),
(264, 66, 'fr', 'Francés', 'Peixería', ''),
(265, 67, 'es', 'Español', 'Peixería', ''),
(266, 67, 'gl', 'Gallego', 'Peixería', ''),
(267, 67, 'en', 'Inglés', 'Fish and seafood', ''),
(268, 67, 'fr', 'Francés', 'Peixería', ''),
(269, 68, 'es', 'Español', 'Peixería', ''),
(270, 68, 'gl', 'Gallego', 'Peixería', ''),
(271, 68, 'en', 'Inglés', 'Fish and seafood', ''),
(272, 68, 'fr', 'Francés', 'Peixería', ''),
(273, 69, 'es', 'Español', 'Peixería', ''),
(274, 69, 'gl', 'Gallego', 'Peixería', ''),
(275, 69, 'en', 'Inglés', 'Fish and seafood', ''),
(276, 69, 'fr', 'Francés', 'Peixería', ''),
(277, 70, 'es', 'Español', 'Peixería', ''),
(278, 70, 'gl', 'Gallego', 'Peixería', ''),
(279, 70, 'en', 'Inglés', 'Fish and seafood', ''),
(280, 70, 'fr', 'Francés', 'Peixería', ''),
(281, 71, 'es', 'Español', 'Polos', ''),
(282, 71, 'gl', 'Gallego', 'Polos', ''),
(283, 71, 'en', 'Inglés', 'Butcher', ''),
(284, 71, 'fr', 'Francés', 'Polos', ''),
(285, 72, 'es', 'Español', 'Ecolóxico', ''),
(286, 72, 'gl', 'Gallego', 'Ecolóxico', ''),
(287, 72, 'en', 'Inglés', 'Vegetables and organics', ''),
(288, 72, 'fr', 'Francés', 'Ecolóxico', ''),
(289, 73, 'es', 'Español', 'Ecolóxico', ''),
(290, 73, 'gl', 'Gallego', 'Ecolóxico', ''),
(291, 73, 'en', 'Inglés', 'Vegetables and organics', ''),
(292, 73, 'fr', 'Francés', 'Ecolóxico', ''),
(293, 74, 'es', 'Español', 'Carnicería', ''),
(294, 74, 'gl', 'Gallego', 'Carnicería', ''),
(295, 74, 'en', 'Inglés', 'Butcher', ''),
(296, 74, 'fr', 'Francés', 'Carnicería', ''),
(297, 75, 'es', 'Español', 'Peixería', ''),
(298, 75, 'gl', 'Gallego', 'Peixería', ''),
(299, 75, 'en', 'Inglés', 'Fish and seafood', ''),
(300, 75, 'fr', 'Francés', 'Peixería', ''),
(301, 76, 'es', 'Español', 'Peixería', ''),
(302, 76, 'gl', 'Gallego', 'Peixería', ''),
(303, 76, 'en', 'Inglés', 'Fish and seafood', ''),
(304, 76, 'fr', 'Francés', 'Peixería', ''),
(305, 77, 'es', 'Español', 'Peixería', ''),
(306, 77, 'gl', 'Gallego', 'Peixería', ''),
(307, 77, 'en', 'Inglés', 'Fish and seafood', ''),
(308, 77, 'fr', 'Francés', 'Peixería', ''),
(309, 78, 'es', 'Español', 'Peixería', ''),
(310, 78, 'gl', 'Gallego', 'Peixería', ''),
(311, 78, 'en', 'Inglés', 'Fish and seafood', ''),
(312, 78, 'fr', 'Francés', 'Peixería', ''),
(313, 79, 'es', 'Español', 'Peixería', ''),
(314, 79, 'gl', 'Gallego', 'Peixería', ''),
(315, 79, 'en', 'Inglés', 'Fish and seafood', ''),
(316, 79, 'fr', 'Francés', 'Peixería', ''),
(317, 80, 'es', 'Español', 'Peixería', ''),
(318, 80, 'gl', 'Gallego', 'Peixería', ''),
(319, 80, 'en', 'Inglés', 'Fish and seafood', ''),
(320, 80, 'fr', 'Francés', 'Peixería', ''),
(321, 81, 'es', 'Español', 'Conxelados', ''),
(322, 81, 'gl', 'Gallego', 'Conxelados', ''),
(323, 81, 'en', 'Inglés', 'Coz frozen', ''),
(324, 81, 'fr', 'Francés', 'Conxelados', ''),
(325, 82, 'es', 'Español', 'Peixería', ''),
(326, 82, 'gl', 'Gallego', 'Peixería', ''),
(327, 82, 'en', 'Inglés', 'Fish and seafood', ''),
(328, 82, 'fr', 'Francés', 'Peixería', ''),
(329, 83, 'es', 'Español', 'Peixería', ''),
(330, 83, 'gl', 'Gallego', 'Peixería', ''),
(331, 83, 'en', 'Inglés', 'Fish and seafood', ''),
(332, 83, 'fr', 'Francés', 'Peixería', ''),
(333, 84, 'es', 'Español', 'Peixería', ''),
(334, 84, 'gl', 'Gallego', 'Peixería', ''),
(335, 84, 'en', 'Inglés', 'Fish and seafood', ''),
(336, 84, 'fr', 'Francés', 'Peixería', ''),
(337, 85, 'es', 'Español', 'Peixería', ''),
(338, 85, 'gl', 'Gallego', 'Peixería', ''),
(339, 85, 'en', 'Inglés', 'Fish and seafood', ''),
(340, 85, 'fr', 'Francés', 'Peixería', ''),
(341, 86, 'es', 'Español', 'Peixería', ''),
(342, 86, 'gl', 'Gallego', 'Peixería', ''),
(343, 86, 'en', 'Inglés', 'Fish and seafood', ''),
(344, 86, 'fr', 'Francés', 'Peixería', ''),
(345, 87, 'es', 'Español', 'Peixería', ''),
(346, 87, 'gl', 'Gallego', 'Peixería', ''),
(347, 87, 'en', 'Inglés', 'Fish and seafood', ''),
(348, 87, 'fr', 'Francés', 'Peixería', ''),
(349, 88, 'es', 'Español', 'Peixería', ''),
(350, 88, 'gl', 'Gallego', 'Peixería', ''),
(351, 88, 'en', 'Inglés', 'Fish and seafood', ''),
(352, 88, 'fr', 'Francés', 'Peixería', ''),
(353, 89, 'es', 'Español', 'Panadería', ''),
(354, 89, 'gl', 'Gallego', 'Panadería', ''),
(355, 89, 'en', 'Inglés', 'Bread and Sweets', ''),
(356, 89, 'fr', 'Francés', 'Panadería', ''),
(357, 90, 'es', 'Español', 'Carnicería', ''),
(358, 90, 'gl', 'Gallego', 'Carnicería', ''),
(359, 90, 'en', 'Inglés', 'Butcher', ''),
(360, 90, 'fr', 'Francés', 'Carnicería', ''),
(361, 91, 'es', 'Español', 'Panadería', ''),
(362, 91, 'gl', 'Gallego', 'Panadería', ''),
(363, 91, 'en', 'Inglés', 'Bread and Sweets', ''),
(364, 91, 'fr', 'Francés', 'Panadería', ''),
(365, 92, 'es', 'Español', 'Charcutería', ''),
(366, 92, 'gl', 'Gallego', 'Charcutería', ''),
(367, 92, 'en', 'Inglés', 'Delicatessen', ''),
(368, 92, 'fr', 'Francés', 'Charcutería', ''),
(369, 93, 'es', 'Español', 'Froitas', ''),
(370, 93, 'gl', 'Gallego', 'Froitas', ''),
(371, 93, 'en', 'Inglés', 'Vegetables and organics', ''),
(372, 93, 'fr', 'Francés', 'Froitas', ''),
(373, 94, 'es', 'Español', 'Froitas', ''),
(374, 94, 'gl', 'Gallego', 'Froitas', ''),
(375, 94, 'en', 'Inglés', 'Vegetables and organics', ''),
(376, 94, 'fr', 'Francés', 'Froitas', ''),
(377, 95, 'es', 'Español', 'Bacallau', ''),
(378, 95, 'gl', 'Gallego', 'Bacallau', ''),
(379, 95, 'en', 'Inglés', 'Fish and seafood', ''),
(380, 95, 'fr', 'Francés', 'Bacallau', ''),
(381, 96, 'es', 'Español', 'Peixería', ''),
(382, 96, 'gl', 'Gallego', 'Peixería', ''),
(383, 96, 'en', 'Inglés', 'Fish and seafood', ''),
(384, 96, 'fr', 'Francés', 'Peixería', ''),
(385, 97, 'es', 'Español', 'Carnicería', ''),
(386, 97, 'gl', 'Gallego', 'Carnicería', ''),
(387, 97, 'en', 'Inglés', 'Butcher', ''),
(388, 97, 'fr', 'Francés', 'Carnicería', ''),
(389, 98, 'es', 'Español', 'Carnicería', ''),
(390, 98, 'gl', 'Gallego', 'Carnicería', ''),
(391, 98, 'en', 'Inglés', 'Butcher', ''),
(392, 98, 'fr', 'Francés', 'Carnicería', ''),
(393, 99, 'es', 'Español', 'Froitas', ''),
(394, 99, 'gl', 'Gallego', 'Froitas', ''),
(395, 99, 'en', 'Inglés', 'Vegetables and organics', ''),
(396, 99, 'fr', 'Francés', 'Froitas', ''),
(397, 100, 'es', 'Español', 'Froitas', ''),
(398, 100, 'gl', 'Gallego', 'Froitas', ''),
(399, 100, 'en', 'Inglés', '', ''),
(400, 100, 'fr', 'Francés', 'Froitas', ''),
(401, 101, 'es', 'Español', 'Froitas', ''),
(402, 101, 'gl', 'Gallego', 'Froitas', ''),
(403, 101, 'en', 'Inglés', 'Vegetables and organics', ''),
(404, 101, 'fr', 'Francés', 'Froitas', ''),
(405, 102, 'es', 'Español', 'Panadería', ''),
(406, 102, 'gl', 'Gallego', 'Panadería', ''),
(407, 102, 'en', 'Inglés', 'Bread and Sweets', ''),
(408, 102, 'fr', 'Francés', 'Panadería', ''),
(409, 103, 'es', 'Español', 'Froitas', ''),
(410, 103, 'gl', 'Gallego', 'Froitas', ''),
(411, 103, 'en', 'Inglés', 'Vegetables and organics', ''),
(412, 103, 'fr', 'Francés', 'Froitas', ''),
(413, 104, 'es', 'Español', 'Panadería', ''),
(414, 104, 'gl', 'Gallego', 'Panadería', ''),
(415, 104, 'en', 'Inglés', 'Bread and Sweets', ''),
(416, 104, 'fr', 'Francés', 'Panadería', ''),
(417, 105, 'es', 'Español', 'Ecolóxico', ''),
(418, 105, 'gl', 'Gallego', 'Ecolóxico', ''),
(419, 105, 'en', 'Inglés', 'Vegetables and organics', ''),
(420, 105, 'fr', 'Francés', 'Ecolóxico', ''),
(421, 106, 'es', 'Español', 'Froitas', ''),
(422, 106, 'gl', 'Gallego', 'Froitas', ''),
(423, 106, 'en', 'Inglés', '', ''),
(424, 106, 'fr', 'Francés', 'Froitas', ''),
(425, 107, 'es', 'Español', 'Bacallau', ''),
(426, 107, 'gl', 'Gallego', 'Bacallau', ''),
(427, 107, 'en', 'Inglés', 'Restaurants', ''),
(428, 107, 'fr', 'Francés', 'Bacallau', ''),
(429, 108, 'es', 'Español', 'Froitas', ''),
(430, 108, 'gl', 'Gallego', 'Froitas', ''),
(431, 108, 'en', 'Inglés', 'Vegetables and organics', ''),
(432, 108, 'fr', 'Francés', 'Froitas', ''),
(433, 109, 'es', 'Español', 'Froitas', ''),
(434, 109, 'gl', 'Gallego', 'Froitas', ''),
(435, 109, 'en', 'Inglés', '', ''),
(436, 109, 'fr', 'Francés', 'Froitas', ''),
(437, 110, 'es', 'Español', 'Froitas', ''),
(438, 110, 'gl', 'Gallego', 'Froitas', ''),
(439, 110, 'en', 'Inglés', '', ''),
(440, 110, 'fr', 'Francés', 'Froitas', ''),
(441, 111, 'es', 'Español', 'Froitas', ''),
(442, 111, 'gl', 'Gallego', 'Froitas', ''),
(443, 111, 'en', 'Inglés', '', ''),
(444, 111, 'fr', 'Francés', 'Froitas', ''),
(445, 112, 'es', 'Español', 'Ecolóxico', ''),
(446, 112, 'gl', 'Gallego', 'Ecolóxico', ''),
(447, 112, 'en', 'Inglés', 'Restaurants', ''),
(448, 112, 'fr', 'Francés', 'Ecolóxico', ''),
(449, 113, 'es', 'Español', 'Froitas', ''),
(450, 113, 'gl', 'Gallego', 'Froitas', ''),
(451, 113, 'en', 'Inglés', '', ''),
(452, 113, 'fr', 'Francés', 'Froitas', ''),
(453, 114, 'es', 'Español', 'Froitas', ''),
(454, 114, 'gl', 'Gallego', 'Froitas', ''),
(455, 114, 'en', 'Inglés', 'Vegetables and organics', ''),
(456, 114, 'fr', 'Francés', 'Froitas', ''),
(457, 115, 'es', 'Español', 'Viñoteca', ''),
(458, 115, 'gl', 'Gallego', 'Viñoteca', ''),
(459, 115, 'en', 'Inglés', 'Restaurants', ''),
(460, 115, 'fr', 'Francés', 'Viñoteca', ''),
(461, 116, 'es', 'Español', 'Froitas', ''),
(462, 116, 'gl', 'Gallego', 'Froitas', ''),
(463, 116, 'en', 'Inglés', 'Restaurants', ''),
(464, 116, 'fr', 'Francés', 'Froitas', ''),
(465, 117, 'es', 'Español', 'Froitas/Jamones', ''),
(466, 117, 'gl', 'Gallego', 'Froitas/Jamones', ''),
(467, 117, 'en', 'Inglés', 'Restaurants', ''),
(468, 117, 'fr', 'Francés', 'Froitas/Jamones', ''),
(469, 118, 'es', 'Español', 'Froitas', ''),
(470, 118, 'gl', 'Gallego', 'Froitas', ''),
(471, 118, 'en', 'Inglés', 'Handicraft', ''),
(472, 118, 'fr', 'Francés', 'Froitas', ''),
(473, 119, 'es', 'Español', 'Panadería', ''),
(474, 119, 'gl', 'Gallego', 'Panadería', ''),
(475, 119, 'en', 'Inglés', 'Bread and Sweets', ''),
(476, 119, 'fr', 'Francés', 'Panadería', ''),
(477, 120, 'es', 'Español', 'Flores', ''),
(478, 120, 'gl', 'Gallego', 'Flores', ''),
(479, 120, 'en', 'Inglés', 'Flowers', ''),
(480, 120, 'fr', 'Francés', 'Flores', ''),
(481, 121, 'es', 'Español', '', ''),
(482, 121, 'gl', 'Gallego', '', ''),
(483, 121, 'en', 'Inglés', '', ''),
(484, 121, 'fr', 'Francés', '', ''),
(489, 123, 'es', 'Español', '', ''),
(490, 123, 'gl', 'Gallego', '', ''),
(491, 123, 'en', 'Inglés', '', ''),
(492, 123, 'fr', 'Francés', '', ''),
(493, 124, 'es', 'Español', '', ''),
(494, 124, 'gl', 'Gallego', '', ''),
(495, 124, 'en', 'Inglés', '', ''),
(496, 124, 'fr', 'Francés', '', ''),
(497, 125, 'es', 'Español', '', ''),
(498, 125, 'gl', 'Gallego', '', ''),
(499, 125, 'en', 'Inglés', '', ''),
(500, 125, 'fr', 'Francés', '', ''),
(521, 131, 'es', 'Español', '', ''),
(522, 131, 'gl', 'Gallego', '', ''),
(523, 131, 'en', 'Inglés', 'Butcher', ''),
(524, 131, 'fr', 'Francés', '', ''),
(525, 132, 'es', 'Español', '', ''),
(526, 132, 'gl', 'Gallego', '', ''),
(527, 132, 'en', 'Inglés', 'Butcher', ''),
(528, 132, 'fr', 'Francés', '', ''),
(609, 153, 'es', 'Español', '', ''),
(610, 153, 'gl', 'Gallego', '', ''),
(611, 153, 'en', 'Inglés', '', ''),
(612, 153, 'fr', 'Francés', '', ''),
(617, 155, 'es', 'Español', '', ''),
(618, 155, 'gl', 'Gallego', '', ''),
(619, 155, 'en', 'Inglés', '', ''),
(620, 155, 'fr', 'Francés', '', ''),
(621, 156, 'es', 'Español', '', ''),
(622, 156, 'gl', 'Gallego', '', ''),
(623, 156, 'en', 'Inglés', '', ''),
(624, 156, 'fr', 'Francés', '', ''),
(625, 157, 'es', 'Español', '', ''),
(626, 157, 'gl', 'Gallego', '', ''),
(627, 157, 'en', 'Inglés', '', ''),
(628, 157, 'fr', 'Francés', '', ''),
(629, 158, 'es', 'Español', '', ''),
(630, 158, 'gl', 'Gallego', '', ''),
(631, 158, 'en', 'Inglés', '', ''),
(632, 158, 'fr', 'Francés', '', ''),
(637, 160, 'es', 'Español', '', ''),
(638, 160, 'gl', 'Gallego', '', ''),
(639, 160, 'en', 'Inglés', '', ''),
(640, 160, 'fr', 'Francés', '', ''),
(641, 161, 'es', 'Español', '', ''),
(642, 161, 'gl', 'Gallego', '', ''),
(643, 161, 'en', 'Inglés', '', ''),
(644, 161, 'fr', 'Francés', '', ''),
(645, 162, 'es', 'Español', '', ''),
(646, 162, 'gl', 'Gallego', '', ''),
(647, 162, 'en', 'Inglés', '', ''),
(648, 162, 'fr', 'Francés', '', ''),
(653, 164, 'es', 'Español', '', ''),
(654, 164, 'gl', 'Gallego', '', ''),
(655, 164, 'en', 'Inglés', '', ''),
(656, 164, 'fr', 'Francés', '', ''),
(657, 165, 'es', 'Español', '', ''),
(658, 165, 'gl', 'Gallego', '', ''),
(659, 165, 'en', 'Inglés', '', ''),
(660, 165, 'fr', 'Francés', '', ''),
(665, 167, 'es', 'Español', '', ''),
(666, 167, 'gl', 'Gallego', '', ''),
(667, 167, 'en', 'Inglés', '', ''),
(668, 167, 'fr', 'Francés', '', ''),
(669, 168, 'es', 'Español', '', ''),
(670, 168, 'gl', 'Gallego', '', ''),
(671, 168, 'en', 'Inglés', '', ''),
(672, 168, 'fr', 'Francés', '', ''),
(673, 169, 'es', 'Español', '', ''),
(674, 169, 'gl', 'Gallego', '', ''),
(675, 169, 'en', 'Inglés', '', ''),
(676, 169, 'fr', 'Francés', '', ''),
(681, 171, 'es', 'Español', '', ''),
(682, 171, 'gl', 'Gallego', '', ''),
(683, 171, 'en', 'Inglés', '', ''),
(684, 171, 'fr', 'Francés', '', ''),
(685, 172, 'es', 'Español', '', ''),
(686, 172, 'gl', 'Gallego', '', ''),
(687, 172, 'en', 'Inglés', '', ''),
(688, 172, 'fr', 'Francés', '', ''),
(693, 174, 'es', 'Español', '', ''),
(694, 174, 'gl', 'Gallego', '', ''),
(695, 174, 'en', 'Inglés', '', ''),
(696, 174, 'fr', 'Francés', '', ''),
(697, 175, 'es', 'Español', '', ''),
(698, 175, 'gl', 'Gallego', '', ''),
(699, 175, 'en', 'Inglés', '', ''),
(700, 175, 'fr', 'Francés', '', ''),
(701, 176, 'es', 'Español', '', ''),
(702, 176, 'gl', 'Gallego', '', ''),
(703, 176, 'en', 'Inglés', '', ''),
(704, 176, 'fr', 'Francés', '', ''),
(705, 177, 'es', 'Español', '', ''),
(706, 177, 'gl', 'Gallego', '', ''),
(707, 177, 'en', 'Inglés', '', ''),
(708, 177, 'fr', 'Francés', '', ''),
(709, 178, 'es', 'Español', '', ''),
(710, 178, 'gl', 'Gallego', '', ''),
(711, 178, 'en', 'Inglés', '', ''),
(712, 178, 'fr', 'Francés', '', ''),
(717, 180, 'es', 'Español', '', ''),
(718, 180, 'gl', 'Gallego', '', ''),
(719, 180, 'en', 'Inglés', '', ''),
(720, 180, 'fr', 'Francés', '', ''),
(721, 181, 'es', 'Español', '', ''),
(722, 181, 'gl', 'Gallego', '', ''),
(723, 181, 'en', 'Inglés', '', ''),
(724, 181, 'fr', 'Francés', '', ''),
(725, 182, 'es', 'Español', '', ''),
(726, 182, 'gl', 'Gallego', '', ''),
(727, 182, 'en', 'Inglés', '', ''),
(728, 182, 'fr', 'Francés', '', ''),
(733, 184, 'es', 'Español', '', ''),
(734, 184, 'gl', 'Gallego', '', ''),
(735, 184, 'en', 'Inglés', '', ''),
(736, 184, 'fr', 'Francés', '', ''),
(737, 185, 'es', 'Español', '', ''),
(738, 185, 'gl', 'Gallego', '', ''),
(739, 185, 'en', 'Inglés', '', ''),
(740, 185, 'fr', 'Francés', '', ''),
(741, 186, 'es', 'Español', '', ''),
(742, 186, 'gl', 'Gallego', '', ''),
(743, 186, 'en', 'Inglés', '', ''),
(744, 186, 'fr', 'Francés', '', ''),
(745, 187, 'es', 'Español', '', ''),
(746, 187, 'gl', 'Gallego', '', ''),
(747, 187, 'en', 'Inglés', '', ''),
(748, 187, 'fr', 'Francés', '', ''),
(749, 188, 'es', 'Español', '', ''),
(750, 188, 'gl', 'Gallego', '', ''),
(751, 188, 'en', 'Inglés', '', ''),
(752, 188, 'fr', 'Francés', '', ''),
(753, 189, 'es', 'Español', '', ''),
(754, 189, 'gl', 'Gallego', '', ''),
(755, 189, 'en', 'Inglés', '', ''),
(756, 189, 'fr', 'Francés', '', ''),
(757, 190, 'es', 'Español', '', ''),
(758, 190, 'gl', 'Gallego', '', ''),
(759, 190, 'en', 'Inglés', '', ''),
(760, 190, 'fr', 'Francés', '', ''),
(761, 191, 'es', 'Español', '', ''),
(762, 191, 'gl', 'Gallego', '', ''),
(763, 191, 'en', 'Inglés', '', ''),
(764, 191, 'fr', 'Francés', '', ''),
(765, 192, 'es', 'Español', '', ''),
(766, 192, 'gl', 'Gallego', '', ''),
(767, 192, 'en', 'Inglés', '', ''),
(768, 192, 'fr', 'Francés', '', ''),
(769, 193, 'es', 'Español', '', ''),
(770, 193, 'gl', 'Gallego', '', ''),
(771, 193, 'en', 'Inglés', '', ''),
(772, 193, 'fr', 'Francés', '', ''),
(773, 194, 'es', 'Español', '', ''),
(774, 194, 'gl', 'Gallego', '', ''),
(775, 194, 'en', 'Inglés', '', ''),
(776, 194, 'fr', 'Francés', '', ''),
(777, 195, 'es', 'Español', '', ''),
(778, 195, 'gl', 'Gallego', '', ''),
(779, 195, 'en', 'Inglés', '', ''),
(780, 195, 'fr', 'Francés', '', ''),
(781, 196, 'es', 'Español', '', ''),
(782, 196, 'gl', 'Gallego', '', ''),
(783, 196, 'en', 'Inglés', '', ''),
(784, 196, 'fr', 'Francés', '', ''),
(785, 197, 'es', 'Español', '', ''),
(786, 197, 'gl', 'Gallego', '', ''),
(787, 197, 'en', 'Inglés', '', ''),
(788, 197, 'fr', 'Francés', '', ''),
(789, 198, 'es', 'Español', '', ''),
(790, 198, 'gl', 'Gallego', '', ''),
(791, 198, 'en', 'Inglés', '', ''),
(792, 198, 'fr', 'Francés', '', ''),
(793, 199, 'es', 'Español', '', ''),
(794, 199, 'gl', 'Gallego', '', ''),
(795, 199, 'en', 'Inglés', '', ''),
(796, 199, 'fr', 'Francés', '', ''),
(873, 219, 'es', 'Español', '', ''),
(874, 219, 'gl', 'Gallego', '', ''),
(875, 219, 'en', 'Inglés', '', ''),
(876, 219, 'fr', 'Francés', '', ''),
(877, 220, 'es', 'Español', '', ''),
(878, 220, 'gl', 'Gallego', '', ''),
(879, 220, 'en', 'Inglés', '', ''),
(880, 220, 'fr', 'Francés', '', ''),
(881, 221, 'es', 'Español', '', ''),
(882, 221, 'gl', 'Gallego', '', ''),
(883, 221, 'en', 'Inglés', '', ''),
(884, 221, 'fr', 'Francés', '', ''),
(889, 223, 'es', 'Español', '', ''),
(890, 223, 'gl', 'Gallego', '', ''),
(891, 223, 'en', 'Inglés', '', ''),
(892, 223, 'fr', 'Francés', '', ''),
(893, 224, 'es', 'Español', '', ''),
(894, 224, 'gl', 'Gallego', '', ''),
(895, 224, 'en', 'Inglés', '', ''),
(896, 224, 'fr', 'Francés', '', ''),
(897, 225, 'es', 'Español', '', ''),
(898, 225, 'gl', 'Gallego', '', ''),
(899, 225, 'en', 'Inglés', '', ''),
(900, 225, 'fr', 'Francés', '', ''),
(901, 226, 'es', 'Español', '', ''),
(902, 226, 'gl', 'Gallego', '', ''),
(903, 226, 'en', 'Inglés', '', ''),
(904, 226, 'fr', 'Francés', '', ''),
(909, 228, 'es', 'Español', '', ''),
(910, 228, 'gl', 'Gallego', '', ''),
(911, 228, 'en', 'Inglés', '', ''),
(912, 228, 'fr', 'Francés', '', ''),
(913, 229, 'es', 'Español', '', ''),
(914, 229, 'gl', 'Gallego', '', ''),
(915, 229, 'en', 'Inglés', '', ''),
(916, 229, 'fr', 'Francés', '', ''),
(917, 230, 'es', 'Español', '', ''),
(918, 230, 'gl', 'Gallego', '', ''),
(919, 230, 'en', 'Inglés', '', ''),
(920, 230, 'fr', 'Francés', '', ''),
(921, 231, 'es', 'Español', '', ''),
(922, 231, 'gl', 'Gallego', '', ''),
(923, 231, 'en', 'Inglés', '', ''),
(924, 231, 'fr', 'Francés', '', ''),
(925, 232, 'es', 'Español', '', ''),
(926, 232, 'gl', 'Gallego', '', ''),
(927, 232, 'en', 'Inglés', '', ''),
(928, 232, 'fr', 'Francés', '', ''),
(929, 233, 'es', 'Español', '', ''),
(930, 233, 'gl', 'Gallego', '', ''),
(931, 233, 'en', 'Inglés', '', ''),
(932, 233, 'fr', 'Francés', '', ''),
(933, 234, 'es', 'Español', '', ''),
(934, 234, 'gl', 'Gallego', '', ''),
(935, 234, 'en', 'Inglés', '', ''),
(936, 234, 'fr', 'Francés', '', ''),
(937, 235, 'es', 'Español', '', ''),
(938, 235, 'gl', 'Gallego', '', ''),
(939, 235, 'en', 'Inglés', '', ''),
(940, 235, 'fr', 'Francés', '', ''),
(941, 236, 'es', 'Español', '', ''),
(942, 236, 'gl', 'Gallego', '', ''),
(943, 236, 'en', 'Inglés', '', ''),
(944, 236, 'fr', 'Francés', '', ''),
(945, 237, 'es', 'Español', '', ''),
(946, 237, 'gl', 'Gallego', '', ''),
(947, 237, 'en', 'Inglés', '', ''),
(948, 237, 'fr', 'Francés', '', ''),
(949, 238, 'es', 'Español', '', ''),
(950, 238, 'gl', 'Gallego', '', ''),
(951, 238, 'en', 'Inglés', '', ''),
(952, 238, 'fr', 'Francés', '', ''),
(953, 239, 'es', 'Español', '', ''),
(954, 239, 'gl', 'Gallego', '', ''),
(955, 239, 'en', 'Inglés', '', ''),
(956, 239, 'fr', 'Francés', '', ''),
(957, 240, 'es', 'Español', '', ''),
(958, 240, 'gl', 'Gallego', '', ''),
(959, 240, 'en', 'Inglés', '', ''),
(960, 240, 'fr', 'Francés', '', ''),
(961, 241, 'es', 'Español', '', ''),
(962, 241, 'gl', 'Gallego', '', ''),
(963, 241, 'en', 'Inglés', '', ''),
(964, 241, 'fr', 'Francés', '', ''),
(969, 243, 'es', 'Español', '', ''),
(970, 243, 'gl', 'Gallego', '', ''),
(971, 243, 'en', 'Inglés', '', ''),
(972, 243, 'fr', 'Francés', '', ''),
(973, 244, 'es', 'Español', '', ''),
(974, 244, 'gl', 'Gallego', '', ''),
(975, 244, 'en', 'Inglés', '', ''),
(976, 244, 'fr', 'Francés', '', ''),
(977, 245, 'es', 'Español', '', ''),
(978, 245, 'gl', 'Gallego', '', ''),
(979, 245, 'en', 'Inglés', '', ''),
(980, 245, 'fr', 'Francés', '', ''),
(981, 246, 'es', 'Español', '', ''),
(982, 246, 'gl', 'Gallego', '', ''),
(983, 246, 'en', 'Inglés', '', ''),
(984, 246, 'fr', 'Francés', '', ''),
(985, 247, 'es', 'Español', '', ''),
(986, 247, 'gl', 'Gallego', '', ''),
(987, 247, 'en', 'Inglés', '', ''),
(988, 247, 'fr', 'Francés', '', ''),
(989, 248, 'es', 'Español', '', ''),
(990, 248, 'gl', 'Gallego', '', ''),
(991, 248, 'en', 'Inglés', '', ''),
(992, 248, 'fr', 'Francés', '', ''),
(993, 249, 'es', 'Español', '', ''),
(994, 249, 'gl', 'Gallego', '', ''),
(995, 249, 'en', 'Inglés', '', ''),
(996, 249, 'fr', 'Francés', '', ''),
(997, 250, 'es', 'Español', '', ''),
(998, 250, 'gl', 'Gallego', '', ''),
(999, 250, 'en', 'Inglés', '', ''),
(1000, 250, 'fr', 'Francés', '', ''),
(1001, 251, 'es', 'Español', '', ''),
(1002, 251, 'gl', 'Gallego', '', ''),
(1003, 251, 'en', 'Inglés', '', ''),
(1004, 251, 'fr', 'Francés', '', ''),
(1005, 252, 'es', 'Español', '', ''),
(1006, 252, 'gl', 'Gallego', '', ''),
(1007, 252, 'en', 'Inglés', '', ''),
(1008, 252, 'fr', 'Francés', '', ''),
(1169, 293, 'es', 'Español', '', ''),
(1170, 293, 'gl', 'Gallego', '', ''),
(1171, 293, 'en', 'Inglés', '', ''),
(1172, 293, 'fr', 'Francés', '', ''),
(1173, 294, 'es', 'Español', '', ''),
(1174, 294, 'gl', 'Gallego', '', ''),
(1175, 294, 'en', 'Inglés', '', ''),
(1176, 294, 'fr', 'Francés', '', ''),
(1177, 295, 'es', 'Español', '', ''),
(1178, 295, 'gl', 'Gallego', '', ''),
(1179, 295, 'en', 'Inglés', '', ''),
(1180, 295, 'fr', 'Francés', '', ''),
(1181, 296, 'es', 'Español', '', ''),
(1182, 296, 'gl', 'Gallego', '', ''),
(1183, 296, 'en', 'Inglés', '', ''),
(1184, 296, 'fr', 'Francés', '', ''),
(1185, 297, 'es', 'Español', '', ''),
(1186, 297, 'gl', 'Gallego', '', ''),
(1187, 297, 'en', 'Inglés', '', ''),
(1188, 297, 'fr', 'Francés', '', ''),
(1189, 298, 'es', 'Español', '', ''),
(1190, 298, 'gl', 'Gallego', '', ''),
(1191, 298, 'en', 'Inglés', '', ''),
(1192, 298, 'fr', 'Francés', '', ''),
(1197, 300, 'es', 'Español', '', ''),
(1198, 300, 'gl', 'Gallego', '', ''),
(1199, 300, 'en', 'Inglés', '', ''),
(1200, 300, 'fr', 'Francés', '', ''),
(1201, 301, 'es', 'Español', '', ''),
(1202, 301, 'gl', 'Gallego', '', ''),
(1203, 301, 'en', 'Inglés', '', ''),
(1204, 301, 'fr', 'Francés', '', ''),
(1205, 302, 'es', 'Español', '', ''),
(1206, 302, 'gl', 'Gallego', '', ''),
(1207, 302, 'en', 'Inglés', '', ''),
(1208, 302, 'fr', 'Francés', '', ''),
(1217, 305, 'es', 'Español', '', ''),
(1218, 305, 'gl', 'Gallego', '', ''),
(1219, 305, 'en', 'Inglés', '', ''),
(1220, 305, 'fr', 'Francés', '', ''),
(1221, 306, 'es', 'Español', '', ''),
(1222, 306, 'gl', 'Gallego', '', ''),
(1223, 306, 'en', 'Inglés', '', ''),
(1224, 306, 'fr', 'Francés', '', ''),
(1225, 307, 'es', 'Español', '', ''),
(1226, 307, 'gl', 'Gallego', '', ''),
(1227, 307, 'en', 'Inglés', '', ''),
(1228, 307, 'fr', 'Francés', '', ''),
(1229, 308, 'es', 'Español', '', ''),
(1230, 308, 'gl', 'Gallego', '', ''),
(1231, 308, 'en', 'Inglés', '', ''),
(1232, 308, 'fr', 'Francés', '', ''),
(1233, 309, 'es', 'Español', '', ''),
(1234, 309, 'gl', 'Gallego', '', ''),
(1235, 309, 'en', 'Inglés', '', ''),
(1236, 309, 'fr', 'Francés', '', ''),
(1241, 311, 'es', 'Español', '', ''),
(1242, 311, 'gl', 'Gallego', '', ''),
(1243, 311, 'en', 'Inglés', '', ''),
(1244, 311, 'fr', 'Francés', '', ''),
(1245, 312, 'es', 'Español', '', ''),
(1246, 312, 'gl', 'Gallego', '', ''),
(1247, 312, 'en', 'Inglés', '', ''),
(1248, 312, 'fr', 'Francés', '', ''),
(1253, 314, 'es', 'Español', '', ''),
(1254, 314, 'gl', 'Gallego', '', ''),
(1255, 314, 'en', 'Inglés', '', ''),
(1256, 314, 'fr', 'Francés', '', ''),
(1257, 315, 'es', 'Español', '', ''),
(1258, 315, 'gl', 'Gallego', '', ''),
(1259, 315, 'en', 'Inglés', '', ''),
(1260, 315, 'fr', 'Francés', '', ''),
(1261, 316, 'es', 'Español', '', ''),
(1262, 316, 'gl', 'Gallego', '', ''),
(1263, 316, 'en', 'Inglés', '', ''),
(1264, 316, 'fr', 'Francés', '', ''),
(1269, 318, 'es', 'Español', '', ''),
(1270, 318, 'gl', 'Gallego', '', ''),
(1271, 318, 'en', 'Inglés', '', ''),
(1272, 318, 'fr', 'Francés', '', ''),
(1273, 319, 'es', 'Español', '', ''),
(1274, 319, 'gl', 'Gallego', '', ''),
(1275, 319, 'en', 'Inglés', '', ''),
(1276, 319, 'fr', 'Francés', '', ''),
(1281, 321, 'es', 'Español', '', ''),
(1282, 321, 'gl', 'Gallego', '', ''),
(1283, 321, 'en', 'Inglés', '', ''),
(1284, 321, 'fr', 'Francés', '', ''),
(1289, 323, 'es', 'Español', '', ''),
(1290, 323, 'gl', 'Gallego', '', ''),
(1291, 323, 'en', 'Inglés', '', ''),
(1292, 323, 'fr', 'Francés', '', ''),
(1297, 325, 'es', 'Español', '', ''),
(1298, 325, 'gl', 'Gallego', '', ''),
(1299, 325, 'en', 'Inglés', '', ''),
(1300, 325, 'fr', 'Francés', '', ''),
(1301, 326, 'es', 'Español', '', ''),
(1302, 326, 'gl', 'Gallego', '', ''),
(1303, 326, 'en', 'Inglés', '', ''),
(1304, 326, 'fr', 'Francés', '', ''),
(1305, 327, 'es', 'Español', '', ''),
(1306, 327, 'gl', 'Gallego', '', ''),
(1307, 327, 'en', 'Inglés', '', ''),
(1308, 327, 'fr', 'Francés', '', ''),
(1309, 328, 'es', 'Español', '', ''),
(1310, 328, 'gl', 'Gallego', '', ''),
(1311, 328, 'en', 'Inglés', '', ''),
(1312, 328, 'fr', 'Francés', '', ''),
(1317, 330, 'es', 'Español', '', ''),
(1318, 330, 'gl', 'Gallego', '', ''),
(1319, 330, 'en', 'Inglés', '', ''),
(1320, 330, 'fr', 'Francés', '', ''),
(1321, 331, 'es', 'Español', '', ''),
(1322, 331, 'gl', 'Gallego', '', ''),
(1323, 331, 'en', 'Inglés', '', ''),
(1324, 331, 'fr', 'Francés', '', ''),
(1325, 332, 'es', 'Español', '', ''),
(1326, 332, 'gl', 'Gallego', '', ''),
(1327, 332, 'en', 'Inglés', '', ''),
(1328, 332, 'fr', 'Francés', '', ''),
(1329, 333, 'es', 'Español', '', ''),
(1330, 333, 'gl', 'Gallego', '', ''),
(1331, 333, 'en', 'Inglés', '', ''),
(1332, 333, 'fr', 'Francés', '', ''),
(1341, 336, 'es', 'Español', '', ''),
(1342, 336, 'gl', 'Gallego', '', ''),
(1343, 336, 'en', 'Inglés', '', ''),
(1344, 336, 'fr', 'Francés', '', ''),
(1413, 354, 'es', 'Español', '', ''),
(1414, 354, 'gl', 'Gallego', '', ''),
(1415, 354, 'en', 'Inglés', '', ''),
(1416, 354, 'fr', 'Francés', '', ''),
(1417, 355, 'es', 'Español', '', ''),
(1418, 355, 'gl', 'Gallego', '', ''),
(1419, 355, 'en', 'Inglés', '', ''),
(1420, 355, 'fr', 'Francés', '', ''),
(1421, 356, 'es', 'Español', '', ''),
(1422, 356, 'gl', 'Gallego', '', ''),
(1423, 356, 'en', 'Inglés', '', ''),
(1424, 356, 'fr', 'Francés', '', ''),
(1425, 357, 'es', 'Español', '', ''),
(1426, 357, 'gl', 'Gallego', '', ''),
(1427, 357, 'en', 'Inglés', '', ''),
(1428, 357, 'fr', 'Francés', '', ''),
(1429, 358, 'es', 'Español', '', ''),
(1430, 358, 'gl', 'Gallego', '', ''),
(1431, 358, 'en', 'Inglés', '', ''),
(1432, 358, 'fr', 'Francés', '', ''),
(1437, 360, 'es', 'Español', '', ''),
(1438, 360, 'gl', 'Gallego', '', ''),
(1439, 360, 'en', 'Inglés', '', ''),
(1440, 360, 'fr', 'Francés', '', ''),
(1441, 361, 'es', 'Español', '', ''),
(1442, 361, 'gl', 'Gallego', '', ''),
(1443, 361, 'en', 'Inglés', '', ''),
(1444, 361, 'fr', 'Francés', '', ''),
(1449, 363, 'es', 'Español', '', ''),
(1450, 363, 'gl', 'Gallego', '', ''),
(1451, 363, 'en', 'Inglés', '', ''),
(1452, 363, 'fr', 'Francés', '', ''),
(1457, 365, 'es', 'Español', '', ''),
(1458, 365, 'gl', 'Gallego', '', ''),
(1459, 365, 'en', 'Inglés', '', ''),
(1460, 365, 'fr', 'Francés', '', ''),
(1461, 366, 'es', 'Español', '', ''),
(1462, 366, 'gl', 'Gallego', '', ''),
(1463, 366, 'en', 'Inglés', '', ''),
(1464, 366, 'fr', 'Francés', '', ''),
(1465, 367, 'es', 'Español', '', ''),
(1466, 367, 'gl', 'Gallego', '', ''),
(1467, 367, 'en', 'Inglés', '', ''),
(1468, 367, 'fr', 'Francés', '', ''),
(1469, 368, 'es', 'Español', '', ''),
(1470, 368, 'gl', 'Gallego', '', ''),
(1471, 368, 'en', 'Inglés', '', ''),
(1472, 368, 'fr', 'Francés', '', ''),
(1473, 369, 'es', 'Español', '', ''),
(1474, 369, 'gl', 'Gallego', '', ''),
(1475, 369, 'en', 'Inglés', '', ''),
(1476, 369, 'fr', 'Francés', '', ''),
(1477, 370, 'es', 'Español', '', ''),
(1478, 370, 'gl', 'Gallego', '', ''),
(1479, 370, 'en', 'Inglés', '', ''),
(1480, 370, 'fr', 'Francés', '', ''),
(1481, 399, 'es', 'Español', '', ''),
(1482, 399, 'gl', 'Gallego', '', ''),
(1483, 399, 'en', 'Inglés', '', ''),
(1484, 399, 'fr', 'Francés', '', ''),
(1485, 401, 'es', 'Español', '', ''),
(1486, 401, 'gl', 'Gallego', '', ''),
(1487, 401, 'en', 'Inglés', '', ''),
(1488, 401, 'fr', 'Francés', '', ''),
(1489, 402, 'es', 'Español', '', ''),
(1490, 402, 'gl', 'Gallego', '', ''),
(1491, 402, 'en', 'Inglés', '', ''),
(1492, 402, 'fr', 'Francés', '', ''),
(1493, 403, 'es', 'Español', '', ''),
(1494, 403, 'gl', 'Gallego', '', ''),
(1495, 403, 'en', 'Inglés', '', ''),
(1496, 403, 'fr', 'Francés', '', ''),
(1497, 404, 'es', 'Español', '', ''),
(1498, 404, 'gl', 'Gallego', '', ''),
(1499, 404, 'en', 'Inglés', '', ''),
(1500, 404, 'fr', 'Francés', '', ''),
(1501, 405, 'es', 'Español', '', ''),
(1502, 405, 'gl', 'Gallego', '', ''),
(1503, 405, 'en', 'Inglés', '', ''),
(1504, 405, 'fr', 'Francés', '', ''),
(1505, 406, 'es', 'Español', '', ''),
(1506, 406, 'gl', 'Gallego', '', ''),
(1507, 406, 'en', 'Inglés', '', ''),
(1508, 406, 'fr', 'Francés', '', ''),
(1509, 407, 'es', 'Español', '', ''),
(1510, 407, 'gl', 'Gallego', '', ''),
(1511, 407, 'en', 'Inglés', '', ''),
(1512, 407, 'fr', 'Francés', '', ''),
(1513, 408, 'es', 'Español', '', ''),
(1514, 408, 'gl', 'Gallego', '', ''),
(1515, 408, 'en', 'Inglés', '', ''),
(1516, 408, 'fr', 'Francés', '', ''),
(1517, 411, 'es', 'Español', '', ''),
(1518, 411, 'gl', 'Gallego', '', ''),
(1519, 411, 'en', 'Inglés', '', ''),
(1520, 411, 'fr', 'Francés', '', ''),
(1521, 412, 'es', 'Español', '', ''),
(1522, 412, 'gl', 'Gallego', '', ''),
(1523, 412, 'en', 'Inglés', '', ''),
(1524, 412, 'fr', 'Francés', '', ''),
(1525, 413, 'es', 'Español', '', ''),
(1526, 413, 'gl', 'Gallego', '', ''),
(1527, 413, 'en', 'Inglés', '', ''),
(1528, 413, 'fr', 'Francés', '', ''),
(1529, 415, 'es', 'Español', '', ''),
(1530, 415, 'gl', 'Gallego', '', ''),
(1531, 415, 'en', 'Inglés', '', ''),
(1532, 415, 'fr', 'Francés', '', ''),
(1533, 416, 'es', 'Español', '', ''),
(1534, 416, 'gl', 'Gallego', '', ''),
(1535, 416, 'en', 'Inglés', '', ''),
(1536, 416, 'fr', 'Francés', '', ''),
(1537, 417, 'es', 'Español', '', ''),
(1538, 417, 'gl', 'Gallego', '', ''),
(1539, 417, 'en', 'Inglés', '', ''),
(1540, 417, 'fr', 'Francés', '', ''),
(1573, 431, 'es', 'Español', '', ''),
(1574, 431, 'gl', 'Gallego', '', ''),
(1575, 431, 'en', 'Inglés', '', ''),
(1576, 431, 'fr', 'Francés', '', ''),
(1577, 432, 'es', 'Español', '', ''),
(1578, 432, 'gl', 'Gallego', '', ''),
(1579, 432, 'en', 'Inglés', '', ''),
(1580, 432, 'fr', 'Francés', '', ''),
(1581, 433, 'es', 'Español', '', ''),
(1582, 433, 'gl', 'Gallego', '', ''),
(1583, 433, 'en', 'Inglés', '', ''),
(1584, 433, 'fr', 'Francés', '', ''),
(1585, 435, 'es', 'Español', '', ''),
(1586, 435, 'gl', 'Gallego', '', ''),
(1587, 435, 'en', 'Inglés', '', ''),
(1588, 435, 'fr', 'Francés', '', ''),
(1589, 436, 'es', 'Español', '', ''),
(1590, 436, 'gl', 'Gallego', '', ''),
(1591, 436, 'en', 'Inglés', '', ''),
(1592, 436, 'fr', 'Francés', '', ''),
(1593, 437, 'es', 'Español', '', ''),
(1594, 437, 'gl', 'Gallego', '', ''),
(1595, 437, 'en', 'Inglés', '', ''),
(1596, 437, 'fr', 'Francés', '', ''),
(1597, 438, 'es', 'Español', '', ''),
(1598, 438, 'gl', 'Gallego', '', ''),
(1599, 438, 'en', 'Inglés', '', ''),
(1600, 438, 'fr', 'Francés', '', ''),
(1601, 439, 'es', 'Español', '', ''),
(1602, 439, 'gl', 'Gallego', '', ''),
(1603, 439, 'en', 'Inglés', '', ''),
(1604, 439, 'fr', 'Francés', '', ''),
(1605, 440, 'es', 'Español', 'Restaurante', ''),
(1606, 440, 'gl', 'Gallego', 'Restaurante', ''),
(1607, 440, 'en', 'Inglés', 'Reaurant', ''),
(1608, 440, 'fr', 'Francés', 'Restaurant', ''),
(1609, 441, 'es', 'Español', '', ''),
(1610, 441, 'gl', 'Gallego', '', ''),
(1611, 441, 'en', 'Inglés', '', ''),
(1612, 441, 'fr', 'Francés', '', ''),
(1613, 443, 'es', 'Español', '', ''),
(1614, 443, 'gl', 'Gallego', '', ''),
(1615, 443, 'en', 'Inglés', '', ''),
(1616, 443, 'fr', 'Francés', '', ''),
(1617, 444, 'es', 'Español', '', ''),
(1618, 444, 'gl', 'Gallego', '', ''),
(1619, 444, 'en', 'Inglés', '', ''),
(1620, 444, 'fr', 'Francés', '', ''),
(1621, 445, 'es', 'Español', '', ''),
(1622, 445, 'gl', 'Gallego', '', ''),
(1623, 445, 'en', 'Inglés', '', ''),
(1624, 445, 'fr', 'Francés', '', ''),
(1625, 447, 'es', 'Español', '', ''),
(1626, 447, 'gl', 'Gallego', '', ''),
(1627, 447, 'en', 'Inglés', '', ''),
(1628, 447, 'fr', 'Francés', '', ''),
(1629, 449, 'es', 'Español', '', ''),
(1630, 449, 'gl', 'Gallego', '', ''),
(1631, 449, 'en', 'Inglés', '', ''),
(1632, 449, 'fr', 'Francés', '', ''),
(1633, 451, 'es', 'Español', '', ''),
(1634, 451, 'gl', 'Gallego', '', ''),
(1635, 451, 'en', 'Inglés', '', ''),
(1636, 451, 'fr', 'Francés', '', ''),
(1637, 452, 'es', 'Español', '', ''),
(1638, 452, 'gl', 'Gallego', '', ''),
(1639, 452, 'en', 'Inglés', '', ''),
(1640, 452, 'fr', 'Francés', '', ''),
(1641, 453, 'es', 'Español', '', ''),
(1642, 453, 'gl', 'Gallego', '', ''),
(1643, 453, 'en', 'Inglés', '', ''),
(1644, 453, 'fr', 'Francés', '', ''),
(1645, 455, 'es', 'Español', '', ''),
(1646, 455, 'gl', 'Gallego', '', ''),
(1647, 455, 'en', 'Inglés', '', ''),
(1648, 455, 'fr', 'Francés', '', ''),
(1649, 456, 'es', 'Español', '', ''),
(1650, 456, 'gl', 'Gallego', '', ''),
(1651, 456, 'en', 'Inglés', '', ''),
(1652, 456, 'fr', 'Francés', '', ''),
(1653, 457, 'es', 'Español', '', ''),
(1654, 457, 'gl', 'Gallego', '', ''),
(1655, 457, 'en', 'Inglés', '', ''),
(1656, 457, 'fr', 'Francés', '', ''),
(1657, 458, 'es', 'Español', '', ''),
(1658, 458, 'gl', 'Gallego', '', ''),
(1659, 458, 'en', 'Inglés', '', ''),
(1660, 458, 'fr', 'Francés', '', ''),
(1661, 459, 'es', 'Español', '', ''),
(1662, 459, 'gl', 'Gallego', '', ''),
(1663, 459, 'en', 'Inglés', '', ''),
(1664, 459, 'fr', 'Francés', '', ''),
(1665, 460, 'es', 'Español', '', ''),
(1666, 460, 'gl', 'Gallego', '', ''),
(1667, 460, 'en', 'Inglés', '', ''),
(1668, 460, 'fr', 'Francés', '', ''),
(1669, 462, 'es', 'Español', '', ''),
(1670, 462, 'gl', 'Gallego', '', ''),
(1671, 462, 'en', 'Inglés', '', ''),
(1672, 462, 'fr', 'Francés', '', ''),
(1673, 463, 'es', 'Español', '', ''),
(1674, 463, 'gl', 'Gallego', '', ''),
(1675, 463, 'en', 'Inglés', '', ''),
(1676, 463, 'fr', 'Francés', '', ''),
(1677, 465, 'es', 'Español', '', ''),
(1678, 465, 'gl', 'Gallego', '', ''),
(1679, 465, 'en', 'Inglés', '', ''),
(1680, 465, 'fr', 'Francés', '', ''),
(1681, 466, 'es', 'Español', '', ''),
(1682, 466, 'gl', 'Gallego', '', ''),
(1683, 466, 'en', 'Inglés', '', ''),
(1684, 466, 'fr', 'Francés', '', ''),
(1685, 467, 'es', 'Español', '', ''),
(1686, 467, 'gl', 'Gallego', '', ''),
(1687, 467, 'en', 'Inglés', '', ''),
(1688, 467, 'fr', 'Francés', '', ''),
(1689, 469, 'es', 'Español', '', ''),
(1690, 469, 'gl', 'Gallego', '', ''),
(1691, 469, 'en', 'Inglés', '', ''),
(1692, 469, 'fr', 'Francés', '', ''),
(1693, 471, 'es', 'Español', '', ''),
(1694, 471, 'gl', 'Gallego', '', ''),
(1695, 471, 'en', 'Inglés', '', ''),
(1696, 471, 'fr', 'Francés', '', ''),
(1697, 472, 'es', 'Español', '', ''),
(1698, 472, 'gl', 'Gallego', '', ''),
(1699, 472, 'en', 'Inglés', '', ''),
(1700, 472, 'fr', 'Francés', '', ''),
(1701, 473, 'es', 'Español', '', ''),
(1702, 473, 'gl', 'Gallego', '', ''),
(1703, 473, 'en', 'Inglés', '', ''),
(1704, 473, 'fr', 'Francés', '', ''),
(1705, 475, 'es', 'Español', '', ''),
(1706, 475, 'gl', 'Gallego', '', ''),
(1707, 475, 'en', 'Inglés', '', ''),
(1708, 475, 'fr', 'Francés', '', ''),
(1709, 477, 'es', 'Español', '', ''),
(1710, 477, 'gl', 'Gallego', '', ''),
(1711, 477, 'en', 'Inglés', '', ''),
(1712, 477, 'fr', 'Francés', '', ''),
(1713, 478, 'es', 'Español', '', ''),
(1714, 478, 'gl', 'Gallego', '', ''),
(1715, 478, 'en', 'Inglés', '', ''),
(1716, 478, 'fr', 'Francés', '', ''),
(1717, 479, 'es', 'Español', '', ''),
(1718, 479, 'gl', 'Gallego', '', ''),
(1719, 479, 'en', 'Inglés', '', ''),
(1720, 479, 'fr', 'Francés', '', ''),
(1721, 481, 'es', 'Español', '', ''),
(1722, 481, 'gl', 'Gallego', '', ''),
(1723, 481, 'en', 'Inglés', '', ''),
(1724, 481, 'fr', 'Francés', '', ''),
(1725, 938, 'es', 'Español', 'Carnicería', 'Augmented Reality is one of the most important trends currently. So, after our trial using the browser over 1 year ago, I wanted to test a framework offering the possibility to create native augmented reality experiences. Read on to see how I developed a reversi game application on mobile using React-Native.'),
(1726, 938, 'gl', 'Gallego', 'Carnicería', 'Carnicería Luis: A túa carniceiría de confianza en Galicia. En Carnicería Luis atoparás carne fresca e de calidade, seleccionada con coidado para garantir o mellor sabor nos teus pratos. Ofrecemos produtos de proximidade, coidando cada detalle para que leves á túa mesa o mellor da nosa terra. Confía en Carnicería Luis, onde a tradición e o bo facer van da man. Compra en liña ou visítanos e desfruta dun servizo personalizado, rápido e de calidade.'),
(1727, 938, 'en', 'Inglés', 'Butcher', 'Vista aérea de un Zumbido de la Archicatedral Basílica de Santiago de Compostela, Patrimonio de la Humanidad, en Galicia, España Vista aérea de un Zumbido de la Archicatedral Basílica de Santiago de Compostela, Patrimonio de la Humanidad, en Galicia, España Vista aérea de un Zumbido de la Archicatedral Basílica de Santiago de Compostela, Patrimonio de la Humanidad, en Galicia, España'),
(1728, 938, 'fr', 'Francés', 'Carnicería', 'Augmented Reality is one of the most important trends currently. So, after our trial using the browser over 1 year ago, I wanted to test a framework offering the possibility to create native augmented reality experiences. Read on to see how I developed a reversi game application on mobile using React-Native.'),
(1729, 940, 'es', 'Español', 'Preparados', ''),
(1730, 940, 'gl', 'Gallego', 'Preparados', ''),
(1731, 940, 'en', 'Inglés', 'Restaurants', ''),
(1732, 940, 'fr', 'Francés', 'Preparados', ''),
(1733, 949, 'es', 'Español', 'Polos', ''),
(1734, 949, 'gl', 'Gallego', 'Polos', ''),
(1735, 949, 'en', 'Inglés', 'Butcher', ''),
(1736, 949, 'fr', 'Francés', 'Polos', ''),
(1737, 954, 'es', 'Español', 'Carnicería', ''),
(1738, 954, 'gl', 'Gallego', 'Carnicería', ''),
(1739, 954, 'en', 'Inglés', 'Butcher', ''),
(1740, 954, 'fr', 'Francés', 'Carnicería', ''),
(1741, 958, 'es', 'Español', 'Froitas', ''),
(1742, 958, 'gl', 'Gallego', 'Froitas', ''),
(1743, 958, 'en', 'Inglés', 'Vegetables and organics', ''),
(1744, 958, 'fr', 'Francés', 'Froitas', ''),
(1745, 959, 'es', 'Español', 'Preparados', ''),
(1746, 959, 'gl', 'Gallego', 'Preparados', ''),
(1747, 959, 'en', 'Inglés', '', ''),
(1748, 959, 'fr', 'Francés', 'Preparados', ''),
(1749, 963, 'es', 'Español', 'Preparados', ''),
(1750, 963, 'gl', 'Gallego', 'Preparados', ''),
(1751, 963, 'en', 'Inglés', 'Restaurants', ''),
(1752, 963, 'fr', 'Francés', 'Preparados', ''),
(1753, 965, 'es', 'Español', 'Charcutería', ''),
(1754, 965, 'gl', 'Gallego', 'Charcutería', ''),
(1755, 965, 'en', 'Inglés', 'Delicatessen', ''),
(1756, 965, 'fr', 'Francés', 'Charcutería', ''),
(1757, 970, 'es', 'Español', 'Carnicería', ''),
(1758, 970, 'gl', 'Gallego', 'Carnicería', ''),
(1759, 970, 'en', 'Inglés', 'Butcher', ''),
(1760, 970, 'fr', 'Francés', 'Carnicería', ''),
(1761, 974, 'es', 'Español', 'Carnicería', ''),
(1762, 974, 'gl', 'Gallego', 'Carnicería', ''),
(1763, 974, 'en', 'Inglés', 'Butcher', ''),
(1764, 974, 'fr', 'Francés', 'Carnicería', ''),
(1765, 981, 'es', 'Español', 'Restaurante', ''),
(1766, 981, 'gl', 'Gallego', 'Restaurante', ''),
(1767, 981, 'en', 'Inglés', 'Restaurants', ''),
(1768, 981, 'fr', 'Francés', 'Restaurante', ''),
(1769, 986, 'es', 'Español', 'Elaborados', ''),
(1770, 986, 'gl', 'Gallego', 'Elaborados', ''),
(1771, 986, 'en', 'Inglés', 'Restaurants', ''),
(1772, 986, 'fr', 'Francés', 'Elaborados', ''),
(1773, 988, 'es', 'Español', 'Elaborados', ''),
(1774, 988, 'gl', 'Gallego', 'Elaborados', ''),
(1775, 988, 'en', 'Inglés', 'Restaurants', ''),
(1776, 988, 'fr', 'Francés', 'Elaborados', ''),
(1777, 990, 'es', 'Español', 'Elaborados', ''),
(1778, 990, 'gl', 'Gallego', 'Elaborados', ''),
(1779, 990, 'en', 'Inglés', 'Restaurants', ''),
(1780, 990, 'fr', 'Francés', 'Elaborados', ''),
(1781, 994, 'es', 'Español', 'Elaborados', ''),
(1782, 994, 'gl', 'Gallego', 'Elaborados', ''),
(1783, 994, 'en', 'Inglés', 'Restaurants', ''),
(1784, 994, 'fr', 'Francés', 'Elaborados', ''),
(1785, 9101, 'es', 'Español', 'Elaborados', ''),
(1786, 9101, 'gl', 'Gallego', 'Elaborados', ''),
(1787, 9101, 'en', 'Inglés', 'Fish and seafood', ''),
(1788, 9101, 'fr', 'Francés', 'Elaborados', ''),
(1789, 9104, 'es', 'Español', 'Elaborados', ''),
(1790, 9104, 'gl', 'Gallego', 'Elaborados', ''),
(1791, 9104, 'en', 'Inglés', 'Restaurants', ''),
(1792, 9104, 'fr', 'Francés', 'Elaborados', ''),
(1793, 9107, 'es', 'Español', 'Elaborados', ''),
(1794, 9107, 'gl', 'Gallego', 'Elaborados', ''),
(1795, 9107, 'en', 'Inglés', 'Fish and seafood', ''),
(1796, 9107, 'fr', 'Francés', 'Elaborados', ''),
(1797, 9110, 'es', 'Español', 'Elaborados', ''),
(1798, 9110, 'gl', 'Gallego', 'Elaborados', ''),
(1799, 9110, 'en', 'Inglés', 'Restaurants', ''),
(1800, 9110, 'fr', 'Francés', 'Elaborados', ''),
(1801, 9114, 'es', 'Español', 'Elaborados', ''),
(1802, 9114, 'gl', 'Gallego', 'Elaborados', ''),
(1803, 9114, 'en', 'Inglés', 'Restaurants', ''),
(1804, 9114, 'fr', 'Francés', 'Elaborados', ''),
(1805, 9116, 'es', 'Español', 'Elaborados', ''),
(1806, 9116, 'gl', 'Gallego', 'Elaborados', ''),
(1807, 9116, 'en', 'Inglés', 'Restaurants', '');
INSERT INTO `puestos_traducciones` (`id`, `puesto_id`, `codigo_idioma`, `nombre_idioma`, `tipo`, `descripcion`) VALUES
(1808, 9116, 'fr', 'Francés', 'Elaborados', ''),
(1809, 9120, 'es', 'Español', 'Carnicería', ''),
(1810, 9120, 'gl', 'Gallego', 'Carnicería', ''),
(1811, 9120, 'en', 'Inglés', 'Butcher', ''),
(1812, 9120, 'fr', 'Francés', 'Carnicería', ''),
(1813, 9121, 'es', 'Español', '', NULL),
(1814, 9121, 'gl', 'Gallego', '', NULL),
(1815, 9121, 'en', 'Inglés', '', NULL),
(1816, 9121, 'fr', 'Francés', '', NULL),
(1817, 9122, 'es', 'Español', '', NULL),
(1818, 9122, 'gl', 'Gallego', '', NULL),
(1819, 9122, 'en', 'Inglés', '', NULL),
(1820, 9122, 'fr', 'Francés', '', NULL),
(1821, 9124, 'es', 'Español', '', NULL),
(1822, 9124, 'gl', 'Gallego', '', NULL),
(1823, 9124, 'en', 'Inglés', '', NULL),
(1824, 9124, 'fr', 'Francés', '', NULL),
(1825, 9125, 'es', 'Español', '', NULL),
(1826, 9125, 'gl', 'Gallego', '', NULL),
(1827, 9125, 'en', 'Inglés', '', NULL),
(1828, 9125, 'fr', 'Francés', '', NULL),
(1829, 9126, 'es', 'Español', '', NULL),
(1830, 9126, 'gl', 'Gallego', '', NULL),
(1831, 9126, 'en', 'Inglés', '', NULL),
(1832, 9126, 'fr', 'Francés', '', NULL),
(1833, 9127, 'es', 'Español', '', NULL),
(1834, 9127, 'gl', 'Gallego', '', NULL),
(1835, 9127, 'en', 'Inglés', '', NULL),
(1836, 9127, 'fr', 'Francés', '', NULL),
(1837, 9128, 'es', 'Español', '', NULL),
(1838, 9128, 'gl', 'Gallego', '', NULL),
(1839, 9128, 'en', 'Inglés', '', NULL),
(1840, 9128, 'fr', 'Francés', '', NULL),
(1841, 9129, 'es', 'Español', '', NULL),
(1842, 9129, 'gl', 'Gallego', '', NULL),
(1843, 9129, 'en', 'Inglés', '', NULL),
(1844, 9129, 'fr', 'Francés', '', NULL),
(1845, 9130, 'es', 'Español', '', NULL),
(1846, 9130, 'gl', 'Gallego', '', NULL),
(1847, 9130, 'en', 'Inglés', '', NULL),
(1848, 9130, 'fr', 'Francés', '', NULL),
(1849, 9131, 'es', 'Español', '', NULL),
(1850, 9131, 'gl', 'Gallego', '', NULL),
(1851, 9131, 'en', 'Inglés', '', NULL),
(1852, 9131, 'fr', 'Francés', '', NULL),
(1853, 9132, 'es', 'Español', '', NULL),
(1854, 9132, 'gl', 'Gallego', '', NULL),
(1855, 9132, 'en', 'Inglés', '', NULL),
(1856, 9132, 'fr', 'Francés', '', NULL),
(1857, 9133, 'es', 'Español', '', NULL),
(1858, 9133, 'gl', 'Gallego', '', NULL),
(1859, 9133, 'en', 'Inglés', '', NULL),
(1860, 9133, 'fr', 'Francés', '', NULL),
(1861, 9134, 'es', 'Español', '', NULL),
(1862, 9134, 'gl', 'Gallego', '', NULL),
(1863, 9134, 'en', 'Inglés', '', NULL),
(1864, 9134, 'fr', 'Francés', '', NULL),
(1865, 9135, 'es', 'Español', '', NULL),
(1866, 9135, 'gl', 'Gallego', '', NULL),
(1867, 9135, 'en', 'Inglés', '', NULL),
(1868, 9135, 'fr', 'Francés', '', NULL),
(1869, 9136, 'es', 'Español', '', NULL),
(1870, 9136, 'gl', 'Gallego', '', NULL),
(1871, 9136, 'en', 'Inglés', '', NULL),
(1872, 9136, 'fr', 'Francés', '', NULL),
(1873, 9137, 'es', 'Español', '', NULL),
(1874, 9137, 'gl', 'Gallego', '', NULL),
(1875, 9137, 'en', 'Inglés', '', NULL),
(1876, 9137, 'fr', 'Francés', '', NULL),
(1877, 9138, 'es', 'Español', '', NULL),
(1878, 9138, 'gl', 'Gallego', '', NULL),
(1879, 9138, 'en', 'Inglés', '', NULL),
(1880, 9138, 'fr', 'Francés', '', NULL),
(1881, 9139, 'es', 'Español', '', NULL),
(1882, 9139, 'gl', 'Gallego', '', NULL),
(1883, 9139, 'en', 'Inglés', '', NULL),
(1884, 9139, 'fr', 'Francés', '', NULL),
(1885, 9140, 'es', 'Español', '', NULL),
(1886, 9140, 'gl', 'Gallego', '', NULL),
(1887, 9140, 'en', 'Inglés', '', NULL),
(1888, 9140, 'fr', 'Francés', '', NULL),
(1889, 9141, 'es', 'Español', '', NULL),
(1890, 9141, 'gl', 'Gallego', '', NULL),
(1891, 9141, 'en', 'Inglés', '', NULL),
(1892, 9141, 'fr', 'Francés', '', NULL),
(1895, 9123, 'es', 'Español', '', NULL),
(1896, 9123, 'gl', 'Gallego', '', NULL),
(1897, 9123, 'en', 'Inglés', '', NULL),
(1898, 9123, 'fr', 'Francés', '', NULL),
(1899, 9142, 'es', 'Español', '', NULL),
(1900, 9142, 'gl', 'Gallego', 'prueba', ''),
(1901, 9142, 'en', 'Inglés', '', NULL),
(1902, 9142, 'fr', 'Francés', '', NULL),
(1903, 9143, 'es', 'Español', '', NULL),
(1904, 9143, 'gl', 'Gallego', '', NULL),
(1905, 9143, 'en', 'Inglés', '', NULL),
(1906, 9143, 'fr', 'Francés', '', NULL),
(1907, 9144, 'es', 'Español', '', NULL),
(1908, 9144, 'gl', 'Gallego', '', NULL),
(1909, 9144, 'en', 'Inglés', '', NULL),
(1910, 9144, 'fr', 'Francés', '', NULL),
(1911, 9145, 'es', 'Español', '', NULL),
(1912, 9145, 'gl', 'Gallego', '', NULL),
(1913, 9145, 'en', 'Inglés', '', NULL),
(1914, 9145, 'fr', 'Francés', '', NULL),
(1915, 9146, 'es', 'Español', '', NULL),
(1916, 9146, 'gl', 'Gallego', '', NULL),
(1917, 9146, 'en', 'Inglés', '', NULL),
(1918, 9146, 'fr', 'Francés', '', NULL),
(1919, 9147, 'es', 'Español', '', NULL),
(1920, 9147, 'gl', 'Gallego', '', NULL),
(1921, 9147, 'en', 'Inglés', '', NULL),
(1922, 9147, 'fr', 'Francés', '', NULL),
(1923, 9148, 'es', 'Español', '', NULL),
(1924, 9148, 'gl', 'Gallego', '', NULL),
(1925, 9148, 'en', 'Inglés', '', NULL),
(1926, 9148, 'fr', 'Francés', '', NULL),
(1927, 9149, 'es', 'Español', '', NULL),
(1928, 9149, 'gl', 'Gallego', '', NULL),
(1929, 9149, 'en', 'Inglés', '', NULL),
(1930, 9149, 'fr', 'Francés', '', NULL),
(1931, 9150, 'es', 'Español', '', NULL),
(1932, 9150, 'gl', 'Gallego', '', NULL),
(1933, 9150, 'en', 'Inglés', '', NULL),
(1934, 9150, 'fr', 'Francés', '', NULL),
(1935, 9151, 'es', 'Español', '', NULL),
(1936, 9151, 'gl', 'Gallego', '', NULL),
(1937, 9151, 'en', 'Inglés', '', NULL),
(1938, 9151, 'fr', 'Francés', '', NULL),
(1939, 9152, 'es', 'Español', '', NULL),
(1940, 9152, 'gl', 'Gallego', '', NULL),
(1941, 9152, 'en', 'Inglés', '', NULL),
(1942, 9152, 'fr', 'Francés', '', NULL),
(1943, 9153, 'es', 'Español', '', NULL),
(1944, 9153, 'gl', 'Gallego', '', NULL),
(1945, 9153, 'en', 'Inglés', '', NULL),
(1946, 9153, 'fr', 'Francés', '', NULL),
(1947, 9154, 'es', 'Español', '', NULL),
(1948, 9154, 'gl', 'Gallego', '', NULL),
(1949, 9154, 'en', 'Inglés', '', NULL),
(1950, 9154, 'fr', 'Francés', '', NULL),
(1951, 9155, 'es', 'Español', '', NULL),
(1952, 9155, 'gl', 'Gallego', '', NULL),
(1953, 9155, 'en', 'Inglés', '', NULL),
(1954, 9155, 'fr', 'Francés', '', NULL),
(1955, 9156, 'es', 'Español', '', NULL),
(1956, 9156, 'gl', 'Gallego', '', NULL),
(1957, 9156, 'en', 'Inglés', '', NULL),
(1958, 9156, 'fr', 'Francés', '', NULL),
(1959, 9157, 'es', 'Español', '', NULL),
(1960, 9157, 'gl', 'Gallego', '', NULL),
(1961, 9157, 'en', 'Inglés', '', NULL),
(1962, 9157, 'fr', 'Francés', '', NULL),
(1963, 9158, 'es', 'Español', '', NULL),
(1964, 9158, 'gl', 'Gallego', '', NULL),
(1965, 9158, 'en', 'Inglés', '', NULL),
(1966, 9158, 'fr', 'Francés', '', NULL),
(1968, 9159, 'es', 'Español', '', NULL),
(1969, 9159, 'gl', 'Gallego', '', NULL),
(1970, 9159, 'en', 'Inglés', '', NULL),
(1971, 9159, 'fr', 'Francés', '', NULL),
(1972, 9160, 'es', 'Español', '', NULL),
(1973, 9160, 'gl', 'Gallego', '', NULL),
(1974, 9160, 'en', 'Inglés', '', NULL),
(1975, 9160, 'fr', 'Francés', '', NULL),
(1976, 9161, 'es', 'Español', '', NULL),
(1977, 9161, 'gl', 'Gallego', '', NULL),
(1978, 9161, 'en', 'Inglés', '', NULL),
(1979, 9161, 'fr', 'Francés', '', NULL),
(1982, 9162, 'es', 'Español', '', NULL),
(1983, 9162, 'gl', 'Gallego', '', NULL),
(1984, 9162, 'en', 'Inglés', '', NULL),
(1985, 9162, 'fr', 'Francés', '', NULL),
(1986, 9163, 'es', 'Español', '', NULL),
(1987, 9163, 'gl', 'Gallego', '', NULL),
(1988, 9163, 'en', 'Inglés', '', NULL),
(1989, 9163, 'fr', 'Francés', '', NULL),
(1991, 9164, 'es', 'Español', '', NULL),
(1992, 9164, 'gl', 'Gallego', '', NULL),
(1993, 9164, 'en', 'Inglés', '', NULL),
(1994, 9164, 'fr', 'Francés', '', NULL),
(1996, 9165, 'es', 'Español', '', NULL),
(1997, 9165, 'gl', 'Gallego', '', NULL),
(1998, 9165, 'en', 'Inglés', '', NULL),
(1999, 9165, 'fr', 'Francés', '', NULL),
(2000, 9166, 'es', 'Español', '', NULL),
(2001, 9166, 'gl', 'Gallego', '', NULL),
(2002, 9166, 'en', 'Inglés', '', NULL),
(2003, 9166, 'fr', 'Francés', '', NULL),
(2004, 9167, 'es', 'Español', '', NULL),
(2005, 9167, 'gl', 'Gallego', '', NULL),
(2006, 9167, 'en', 'Inglés', '', NULL),
(2007, 9167, 'fr', 'Francés', '', NULL),
(2008, 9168, 'es', 'Español', '', NULL),
(2009, 9168, 'gl', 'Gallego', '', NULL),
(2010, 9168, 'en', 'Inglés', '', NULL),
(2011, 9168, 'fr', 'Francés', '', NULL),
(2012, 9169, 'es', 'Español', '', NULL),
(2013, 9169, 'gl', 'Gallego', '', NULL),
(2014, 9169, 'en', 'Inglés', '', NULL),
(2015, 9169, 'fr', 'Francés', '', NULL),
(2016, 9170, 'es', 'Español', '', NULL),
(2017, 9170, 'gl', 'Gallego', '', NULL),
(2018, 9170, 'en', 'Inglés', '', NULL),
(2019, 9170, 'fr', 'Francés', '', NULL),
(2020, 9171, 'es', 'Español', '', NULL),
(2021, 9171, 'gl', 'Gallego', '', NULL),
(2022, 9171, 'en', 'Inglés', '', NULL),
(2023, 9171, 'fr', 'Francés', '', NULL),
(2024, 9172, 'es', 'Español', '', NULL),
(2025, 9172, 'gl', 'Gallego', '', NULL),
(2026, 9172, 'en', 'Inglés', '', NULL),
(2027, 9172, 'fr', 'Francés', '', NULL),
(2028, 9173, 'es', 'Español', '', NULL),
(2029, 9173, 'gl', 'Gallego', '', NULL),
(2030, 9173, 'en', 'Inglés', '', NULL),
(2031, 9173, 'fr', 'Francés', '', NULL),
(2032, 9174, 'es', 'Español', '', NULL),
(2033, 9174, 'gl', 'Gallego', '', NULL),
(2034, 9174, 'en', 'Inglés', '', NULL),
(2035, 9174, 'fr', 'Francés', '', NULL),
(2036, 9175, 'es', 'Español', '', NULL),
(2037, 9175, 'gl', 'Gallego', '', NULL),
(2038, 9175, 'en', 'Inglés', '', NULL),
(2039, 9175, 'fr', 'Francés', '', NULL),
(2040, 9176, 'es', 'Español', '', NULL),
(2041, 9176, 'gl', 'Gallego', '', NULL),
(2042, 9176, 'en', 'Inglés', '', NULL),
(2043, 9176, 'fr', 'Francés', '', NULL),
(2044, 9177, 'es', 'Español', '', NULL),
(2045, 9177, 'gl', 'Gallego', '', NULL),
(2046, 9177, 'en', 'Inglés', '', NULL),
(2047, 9177, 'fr', 'Francés', '', NULL),
(2048, 9178, 'es', 'Español', '', NULL),
(2049, 9178, 'gl', 'Gallego', '', NULL),
(2050, 9178, 'en', 'Inglés', '', NULL),
(2051, 9178, 'fr', 'Francés', '', NULL),
(2052, 9179, 'es', 'Español', '', NULL),
(2053, 9179, 'gl', 'Gallego', '', NULL),
(2054, 9179, 'en', 'Inglés', '', NULL),
(2055, 9179, 'fr', 'Francés', '', NULL),
(2056, 9180, 'es', 'Español', '', NULL),
(2057, 9180, 'gl', 'Gallego', '', NULL),
(2058, 9180, 'en', 'Inglés', '', NULL),
(2059, 9180, 'fr', 'Francés', '', NULL),
(2060, 9181, 'es', 'Español', '', NULL),
(2061, 9181, 'gl', 'Gallego', '', NULL),
(2062, 9181, 'en', 'Inglés', '', NULL),
(2063, 9181, 'fr', 'Francés', '', NULL),
(2064, 9182, 'es', 'Español', '', NULL),
(2065, 9182, 'gl', 'Gallego', '', NULL),
(2066, 9182, 'en', 'Inglés', '', NULL),
(2067, 9182, 'fr', 'Francés', '', NULL),
(2068, 9183, 'es', 'Español', '', NULL),
(2069, 9183, 'gl', 'Gallego', '', NULL),
(2070, 9183, 'en', 'Inglés', '', NULL),
(2071, 9183, 'fr', 'Francés', '', NULL),
(2072, 9184, 'es', 'Español', '', NULL),
(2073, 9184, 'gl', 'Gallego', '', NULL),
(2074, 9184, 'en', 'Inglés', '', NULL),
(2075, 9184, 'fr', 'Francés', '', NULL),
(2076, 9185, 'es', 'Español', '', NULL),
(2077, 9185, 'gl', 'Gallego', '', NULL),
(2078, 9185, 'en', 'Inglés', '', NULL),
(2079, 9185, 'fr', 'Francés', '', NULL),
(2080, 9186, 'es', 'Español', '', NULL),
(2081, 9186, 'gl', 'Gallego', '', NULL),
(2082, 9186, 'en', 'Inglés', '', NULL),
(2083, 9186, 'fr', 'Francés', '', NULL),
(2084, 9187, 'es', 'Español', '', NULL),
(2085, 9187, 'gl', 'Gallego', '', NULL),
(2086, 9187, 'en', 'Inglés', '', NULL),
(2087, 9187, 'fr', 'Francés', '', NULL),
(2088, 9188, 'es', 'Español', '', NULL),
(2089, 9188, 'gl', 'Gallego', '', NULL),
(2090, 9188, 'en', 'Inglés', '', NULL),
(2091, 9188, 'fr', 'Francés', '', NULL),
(2092, 9189, 'es', 'Español', '', NULL),
(2093, 9189, 'gl', 'Gallego', '', NULL),
(2094, 9189, 'en', 'Inglés', '', NULL),
(2095, 9189, 'fr', 'Francés', '', NULL),
(2096, 9190, 'es', 'Español', '', NULL),
(2097, 9190, 'gl', 'Gallego', '', NULL),
(2098, 9190, 'en', 'Inglés', '', NULL),
(2099, 9190, 'fr', 'Francés', '', NULL),
(2100, 9191, 'es', 'Español', '', NULL),
(2101, 9191, 'gl', 'Gallego', '', NULL),
(2102, 9191, 'en', 'Inglés', '', NULL),
(2103, 9191, 'fr', 'Francés', '', NULL);

-- --------------------------------------------------------

--
-- Estructura de tabla para la tabla `usuarios`
--

CREATE TABLE `usuarios` (
  `login` varchar(100) NOT NULL,
  `password` varchar(100) NOT NULL,
  `id` int(10) UNSIGNED NOT NULL
) ENGINE=InnoDB DEFAULT CHARSET=utf8mb4 COLLATE=utf8mb4_general_ci;

--
-- Volcado de datos para la tabla `usuarios`
--

INSERT INTO `usuarios` (`login`, `password`, `id`) VALUES
('mercado', 'e484c7843b4d1a4bc3c6c6851cb4ed40', 1);

--
-- Índices para tablas volcadas
--

--
-- Indices de la tabla `naves`
--
ALTER TABLE `naves`
  ADD PRIMARY KEY (`id`);

--
-- Indices de la tabla `puestos`
--
ALTER TABLE `puestos`
  ADD PRIMARY KEY (`id`),
  ADD UNIQUE KEY `clave_opcional` (`caseta`),
  ADD KEY `id_nave` (`id_nave`),
  ADD KEY `fk_puesto_padre_puestos_id_puesto` (`caseta_padre`);

--
-- Indices de la tabla `puestos_traducciones`
--
ALTER TABLE `puestos_traducciones`
  ADD PRIMARY KEY (`id`),
  ADD UNIQUE KEY `puesto_id` (`puesto_id`,`codigo_idioma`);

--
-- Indices de la tabla `usuarios`
--
ALTER TABLE `usuarios`
  ADD PRIMARY KEY (`id`);

--
-- AUTO_INCREMENT de las tablas volcadas
--

--
-- AUTO_INCREMENT de la tabla `naves`
--
ALTER TABLE `naves`
  MODIFY `id` int(11) NOT NULL AUTO_INCREMENT, AUTO_INCREMENT=13;

--
-- AUTO_INCREMENT de la tabla `puestos`
--
ALTER TABLE `puestos`
  MODIFY `id` int(11) NOT NULL AUTO_INCREMENT, AUTO_INCREMENT=9192;

--
-- AUTO_INCREMENT de la tabla `puestos_traducciones`
--
ALTER TABLE `puestos_traducciones`
  MODIFY `id` int(11) NOT NULL AUTO_INCREMENT, AUTO_INCREMENT=2104;

--
-- AUTO_INCREMENT de la tabla `usuarios`
--
ALTER TABLE `usuarios`
  MODIFY `id` int(10) UNSIGNED NOT NULL AUTO_INCREMENT, AUTO_INCREMENT=2;

--
-- Restricciones para tablas volcadas
--

--
-- Filtros para la tabla `puestos_traducciones`
--
ALTER TABLE `puestos_traducciones`
  ADD CONSTRAINT `fk_puesto_traduccion` FOREIGN KEY (`puesto_id`) REFERENCES `puestos` (`id`) ON DELETE CASCADE ON UPDATE CASCADE;
COMMIT;

/*!40101 SET CHARACTER_SET_CLIENT=@OLD_CHARACTER_SET_CLIENT */;
/*!40101 SET CHARACTER_SET_RESULTS=@OLD_CHARACTER_SET_RESULTS */;
/*!40101 SET COLLATION_CONNECTION=@OLD_COLLATION_CONNECTION */;
