-- phpMyAdmin SQL Dump
-- version 4.9.11
-- https://www.phpmyadmin.net/
--
-- Servidor: db5016239277.hosting-data.io
-- Tiempo de generación: 18-09-2024 a las 09:21:29
-- Versión del servidor: 10.11.7-MariaDB-log
-- Versión de PHP: 7.4.33

SET SQL_MODE = "NO_AUTO_VALUE_ON_ZERO";
SET AUTOCOMMIT = 0;
START TRANSACTION;
SET time_zone = "+00:00";


/*!40101 SET @OLD_CHARACTER_SET_CLIENT=@@CHARACTER_SET_CLIENT */;
/*!40101 SET @OLD_CHARACTER_SET_RESULTS=@@CHARACTER_SET_RESULTS */;
/*!40101 SET @OLD_COLLATION_CONNECTION=@@COLLATION_CONNECTION */;
/*!40101 SET NAMES utf8mb4 */;

--
-- Base de datos: `dbs13217995`
--
CREATE DATABASE IF NOT EXISTS `dbs13217995` DEFAULT CHARACTER SET utf8mb3 COLLATE utf8mb3_general_ci;
USE `dbs13217995`;

-- --------------------------------------------------------

--
-- Estructura de tabla para la tabla `naves`
--

CREATE TABLE `naves` (
  `id` int(11) NOT NULL,
  `tipo` varchar(20) DEFAULT NULL,
  `numero` varchar(10) NOT NULL
) ENGINE=InnoDB DEFAULT CHARSET=utf8mb4 COLLATE=utf8mb4_general_ci;

--
-- Volcado de datos para la tabla `naves`
--

INSERT INTO `naves` (`id`, `tipo`, `numero`) VALUES
(1, 'Nave 1', '1'),
(2, 'Nave 2', '2'),
(3, 'Nave 3', '3'),
(4, 'Nave 4', '4'),
(5, 'Nave 5', '5'),
(6, 'Nave 6', '6'),
(7, 'Nave 7', '7'),
(8, 'Nave 8', '8'),
(9, 'Amea 1', ''),
(10, 'Amea 5', ''),
(11, 'Murallón 1', ''),
(12, 'Murallón 2', '');

-- --------------------------------------------------------

--
-- Estructura de tabla para la tabla `puestos`
--

CREATE TABLE `puestos` (
  `id` int(11) NOT NULL,
  `caseta` char(5) NOT NULL,
  `nombre` varchar(50) NOT NULL DEFAULT 'Desconocido',
  `imagen` mediumtext DEFAULT NULL,
  `contacto` varchar(250) DEFAULT NULL,
  `telefono` varchar(15) DEFAULT NULL,
  `id_nave` int(11) DEFAULT NULL,
  `activo` tinyint(1) NOT NULL DEFAULT 1,
  `tipo_unity` varchar(30) NOT NULL DEFAULT 'default',
  `caseta_padre` char(5) DEFAULT NULL
) ENGINE=InnoDB DEFAULT CHARSET=utf8mb4 COLLATE=utf8mb4_general_ci;

--
-- Volcado de datos para la tabla `puestos`
--

INSERT INTO `puestos` (`id`, `caseta`, `nombre`, `imagen`, `contacto`, `telefono`, `id_nave`, `activo`, `tipo_unity`, `caseta_padre`) VALUES
(1, 'CE001', 'Bibi Handmade', '', '', '', 9, 1, 'handicraft', NULL),
(2, 'CE002', '', '', '', '', 9, 1, 'default', 'CE001'),
(3, 'CE003', 'Cuarto Pexigo', '', '', '', 9, 1, 'handicraft', NULL),
(4, 'CE004', '', '', '', '', 9, 1, 'default', 'CE003'),
(5, 'CE005', '', '', '', '', 9, 1, 'default', 'CE003'),
(6, 'CE006', '', '', '', '', 9, 1, 'default', 'CE005'),
(7, 'CE007', 'Flor de Santiago', '', '', '', 9, 1, 'handicraft', NULL),
(8, 'CE008', '', '', '', '', 9, 1, 'default', 'CE007'),
(9, 'CE009', 'Zoclos', '', '', '', 9, 1, 'handicraft', NULL),
(10, 'CE010', '', '', '', '', 9, 1, 'default', 'CE009'),
(11, 'CE011', '', '', '', '', 9, 0, 'default', 'CE009'),
(12, 'CE012', '', '', '', '', 9, 1, 'default', NULL),
(13, 'CE013', 'Abastos 2,0', '', '', '', 9, 1, 'restaurants', NULL),
(14, 'CE014', '', '', '', '', 9, 1, 'default', 'CE013'),
(15, 'CE015', '', '', '', '', 9, 1, 'default', 'CE013'),
(16, 'CE016', '', '', '', '', 9, 1, 'default', 'CE013'),
(17, 'CE017', '', '', '', '', 9, 1, 'default', 'CE013'),
(18, 'CE018', '', '', '', '', 9, 1, 'default', 'CE013'),
(19, 'CE019', 'Artesanía Tojo', '', '', '', 10, 1, 'handicraft', NULL),
(20, 'CE020', '', '', '', '', 10, 1, 'default', 'CE019'),
(21, 'CE021', 'Sr. Nilsson', '', '', '', 10, 1, 'handicraft', NULL),
(22, 'CE022', '', '', '', '', 10, 1, 'default', 'CE021'),
(23, 'CE023', '', '', '', '', 10, 1, 'default', 'CE021'),
(24, 'CE024', 'Pilgrim Bag', '', '', '', 10, 1, 'handicraft', NULL),
(25, 'CE025', 'La Flor', '', '', '', 10, 1, 'handicraft', NULL),
(26, 'CE026', '', '', '', '', 10, 1, 'default', 'CE025'),
(27, 'CE027', '', '', '', '', 10, 1, 'default', 'CE025'),
(28, 'CE028', 'Quenlla SCQ', '', '', '', 10, 1, 'handicraft', NULL),
(29, 'CE029', 'Flores Sabela', '', '', '', 10, 1, 'flowers', NULL),
(30, 'CE030', 'Charande', '', '', '', 10, 1, 'handicraft', NULL),
(31, 'CE031', '', '', '', '', 10, 1, 'default', 'CE030'),
(32, 'CE032', '', '', '', '', 10, 1, 'default', 'CE030'),
(33, 'CE033', '', '', '', '', 10, 1, 'default', 'CE030'),
(34, 'CE034', '', '', '', '', 10, 1, 'default', 'CE030'),
(35, 'CE035', '', '', '', '', 10, 1, 'default', 'CE030'),
(36, 'CE036', 'Garboandgarden', '', '', '', 10, 1, 'handicraft', NULL),
(37, 'CE037', '', '', '', '', 10, 1, 'default', 'CE036'),
(38, 'NC122', 'Carnicería Chelo-Muñico', '', '', '', 2, 1, 'butcher', NULL),
(39, 'NC126', 'Charcutería Hernández', '', '', '', 2, 1, 'delicatessen', NULL),
(40, 'NC130', 'NB Burguer', '', '', '', 2, 1, 'butcher', NULL),
(41, 'NC133', 'Obrador Muñico', '', '', '', 2, 1, 'butcher', NULL),
(42, 'NC135', 'Novo Posto', '', '', '', 2, 1, 'restaurants', NULL),
(43, 'NC136', 'Máis que queixo', '', '', '', 2, 1, 'delicatessen', NULL),
(44, 'NC138', 'Cortadoría Fina', '', '', '', 2, 1, 'butcher', NULL),
(45, 'NC142', 'Queixos Pepe', '', '', '', 2, 1, 'delicatessen', NULL),
(46, 'NC147', 'Polleria Orosa', '', '', '', 2, 1, 'butcher', NULL),
(47, 'NC152', 'Charcutería Lolita Cardelle', '', '', '', 6, 1, 'delicatessen', NULL),
(48, 'NC154', 'Carnicería Carmiña', '', '', '', 6, 1, 'butcher', NULL),
(49, 'NC159', 'Carnicería José Cardelle', '', '', '', 6, 1, 'butcher', NULL),
(50, 'NC163', 'Carnicería Pereiro', '', '', '', 6, 1, 'butcher', NULL),
(51, 'NC166', 'Charcuteria Campos', '', '', '', 6, 1, 'delicatessen', NULL),
(52, 'NC170', 'Charcutería Lolita Cardelle', '', '', '', 6, 1, 'delicatessen', NULL),
(53, 'NC173', 'Charcutería Villanustre', '', '', '', 6, 1, 'delicatessen', NULL),
(54, 'NC179', 'Carnicería Amparo', '', '', '', 6, 1, 'butcher', NULL),
(55, 'NC183', 'Panadería Mazas', '', '', '', 6, 1, 'bread-sweets', NULL),
(56, 'NC186', 'O Cangrexeiro', '', '', '', 3, 1, 'fish-seafood', NULL),
(57, 'NC188', 'Pescadería Bartolo', '', '', '', 3, 1, 'fish-seafood', NULL),
(58, 'NC190', 'Pescados Maximino', '', '', '', 3, 1, 'fish-seafood', NULL),
(59, 'NC193', 'Mariscos Chicha', '', '', '', 3, 1, 'fish-seafood', NULL),
(60, 'NC195', 'Conxelados Bermúdez', '', '', '', 3, 1, 'cod-frozen', NULL),
(61, 'NC201', 'Mariscos Touris Otero', '', '', '', 3, 1, 'fish-seafood', NULL),
(62, 'NC202', 'Mardelia', '', '', '', 3, 1, 'fish-seafood', NULL),
(63, 'NC205', 'Mariscos Virucha', '', '', '', 3, 1, 'fish-seafood', NULL),
(64, 'NC206', 'Mariscos Carmen', '', '', '', 3, 1, 'fish-seafood', NULL),
(65, 'NC208', 'Pescadería Milagros', '', '', '', 3, 1, 'fish-seafood', NULL),
(66, 'NC209', 'Mariscos Domíguez', '', '', '', 3, 1, 'fish-seafood', NULL),
(67, 'NC211', 'Trimar', '', '', '', 3, 1, 'fish-seafood', NULL),
(68, 'NC212', 'Pescadería Cambados', '', '', '', 3, 1, 'fish-seafood', NULL),
(69, 'NC214', 'Peixes Rosa', '', '', '', 3, 1, 'fish-seafood', NULL),
(70, 'NC216', 'Pescadería Buján', '', '', '', 3, 1, 'fish-seafood', NULL),
(71, 'NC218', 'Pollería Hilda', '', '', '', 7, 1, 'butcher', NULL),
(72, 'NC222', 'Ecogaliza', '', '', '', 7, 1, 'vegetables-organics', NULL),
(73, 'NC227', 'A Casa da Quenlla', '', '', '', 7, 1, 'vegetables-organics', NULL),
(74, 'NC242', 'Casa de Maripepa', '', '', '', 7, 1, 'butcher', NULL),
(75, 'NC253', 'Pescadería Mari Carmen', '', '', '', 4, 1, 'fish-seafood', 'NC252'),
(76, 'NC257', 'Mariscos Carlos', '', '', '', 4, 1, 'fish-seafood', NULL),
(77, 'NC260', 'Pescadería As Rianxeiras', '', '', '', 4, 1, 'fish-seafood', NULL),
(78, 'NC262', 'Pescadería Ollomol', '', '', '', 4, 1, 'fish-seafood', NULL),
(79, 'NC268', 'Pescadería Tembra', '', '', '', 4, 1, 'fish-seafood', NULL),
(80, 'NC272', 'Pescadería Mari Carmen II', '', '', '', 4, 1, 'fish-seafood', NULL),
(81, 'NC275', 'Conxelados Salamanca', '', '', '', 4, 1, 'cod-frozen', NULL),
(82, 'NC279', 'Pescadería Iglesias Mato (La Plaza)', '', '', '', 4, 1, 'fish-seafood', NULL),
(83, 'NC281', 'S. Coop. G. Rúa de Arosa', '', '', '', 4, 1, 'fish-seafood', NULL),
(84, 'NC283', 'Pescadería Montse', '', '', '', 4, 1, 'fish-seafood', NULL),
(85, 'NC284', 'Galimar', '', '', '', 4, 1, 'fish-seafood', NULL),
(86, 'NC287', 'Petiscos do Mar', '', '', '', 4, 1, 'fish-seafood', NULL),
(87, 'NC289', 'Pescadería D&#039;Agustín', '', '', '', 4, 1, 'fish-seafood', NULL),
(88, 'NC290', 'Os de Lola', '', '', '', 4, 1, 'fish-seafood', NULL),
(89, 'NC292', 'Alimentación Divina', '', '', '', 8, 1, 'bread-sweets', NULL),
(90, 'NC299', 'Carnicería María', '', '', '', 8, 1, 'butcher', NULL),
(91, 'NC303', 'Panadería Pájaro', '', '', '', 8, 1, 'bread-sweets', NULL),
(92, 'NC304', 'Charcutería Pájaro', '', '', '', 8, 1, 'delicatessen', NULL),
(93, 'NC310', 'Froitas Ana', '', '', '', 8, 1, 'vegetables-organics', NULL),
(94, 'NC313', 'Froitas e Hortalizas Jesús Rey', '', '', '', 8, 1, 'vegetables-organics', NULL),
(95, 'NC317', 'Bacallau Salamanca', '', '', '', 8, 1, 'fish-seafood', NULL),
(96, 'NC320', 'Pescadería Teresa', '', '', '', 8, 1, 'fish-seafood', NULL),
(97, 'NC322', 'Carnicería Narciso', '', '', '', 8, 1, 'butcher', NULL),
(98, 'NC324', 'A Cortadoría Rosa e Moncho', '', '', '', 8, 1, 'butcher', NULL),
(99, 'NC329', 'Froitas María Pereira', '', '', '', 8, 1, 'vegetables-organics', NULL),
(100, 'NA334', 'Verduras Evangelina', '', '', '', 11, 1, 'vegetables-organics', NULL),
(101, 'NA335', 'Lucía Pementos', '', '', '', 11, 1, 'vegetables-organics', NULL),
(102, 'NA337', 'Panadería A Tilleira', '', '', '', 11, 1, 'bread-sweets', NULL),
(103, 'NA338', 'Naranjas de Castellón', '', '', '', 11, 1, 'vegetables-organics', NULL),
(104, 'NA339', 'Panadería Santa María', '', '', '', 11, 1, 'bread-sweets', NULL),
(105, 'NA341', 'Hortalizas Teima Labrega', '', '', '', 11, 1, 'vegetables-organics', NULL),
(106, 'NA345', 'Froitas Maritza', '', '', '', 11, 1, 'vegetables-organics', NULL),
(107, 'NA346', 'José Bermúdez Gourmet', '', '', '', 11, 1, 'restaurants', NULL),
(108, 'NA351', 'Verduras Rivera Magariños', '', '', '', 11, 1, 'vegetables-organics', NULL),
(109, 'NA352', 'Verduras Cacabelos', '', '', '', 12, 1, 'vegetables-organics', NULL),
(110, 'NA353', 'Frutas Fina', '', '', '', 12, 1, 'vegetables-organics', NULL),
(111, 'NA359', 'Verduras Monserrat', '', '', '', 12, 1, 'vegetables-organics', NULL),
(112, 'NA362', 'Natural Take Over', '', '', '', 12, 1, 'restaurants', NULL),
(113, 'NA364', 'Verduras Alicia', '', '', '', 12, 1, 'vegetables-organics', NULL),
(114, 'MC001', 'Patacas Villaverde', '', '', '', 2, 1, 'vegetables-organics', NULL),
(115, 'MC002', 'A Viñoteca do Mercado', '', '', '', 2, 1, 'restaurants', NULL),
(116, 'MC003', 'Froitería Cousas do Campo', '', '', '', 3, 1, 'restaurants', NULL),
(117, 'MC004', 'Jamonería Gude', '', '', '', 1, 1, 'restaurants', NULL),
(118, 'MC005', 'Patacas Gómez', '', '', '', 6, 1, 'handicraft', NULL),
(119, 'NC045', 'Primicias Raiña', '', '', '', 1, 1, 'bread-sweets', NULL),
(120, 'MC006', 'Flores Carmiña', '', '', '', 6, 1, 'flowers', NULL),
(121, 'CO121', '', '', '', '', 1, 1, 'default', 'CO120'),
(123, 'CO123', '', '', '', '', 1, 1, 'default', 'CO122'),
(124, 'CO124', '', '', '', '', 1, 1, 'default', 'CO122'),
(125, 'CO125', '', '', '', '', 1, 1, 'default', NULL),
(131, 'CO131', '', '', '', '', 1, 1, 'butcher', NULL),
(132, 'CO132', '', '', '', '', 1, 1, 'butcher', NULL),
(153, 'NC153', '', NULL, '', '', 6, 1, 'default', 'NC152'),
(155, 'NC155', '', NULL, '', '', 6, 1, 'default', 'NC154'),
(156, 'NC156', '', NULL, '', '', 6, 1, 'default', 'NC154'),
(157, 'NC157', '', NULL, '', '', 6, 1, 'default', 'NC154'),
(158, 'NC158', '', NULL, '', '', 6, 0, 'default', NULL),
(160, 'NC160', '', NULL, '', '', 6, 1, 'default', 'NC159'),
(161, 'NC161', '', NULL, '', '', 6, 1, 'default', 'NC159'),
(162, 'NC162', '', NULL, '', '', 6, 1, 'default', 'NC159'),
(164, 'NC164', '', NULL, '', '', 6, 1, 'default', 'NC163'),
(165, 'NC165', '', NULL, '', '', 6, 0, 'default', NULL),
(167, 'NC167', '', NULL, '', '', 6, 1, 'default', 'NC166'),
(168, 'NC168', '', NULL, '', '', 6, 1, 'default', 'NC166'),
(169, 'NC169', '', NULL, '', '', 6, 0, 'default', NULL),
(171, 'NC171', '', NULL, '', '', 6, 1, 'default', 'NC170'),
(172, 'NC172', '', NULL, '', '', 6, 1, 'default', 'NC170'),
(174, 'NC174', '', NULL, '', '', 6, 1, 'default', 'NC173'),
(175, 'NC175', '', NULL, '', '', 6, 1, 'default', 'NC173'),
(176, 'NC176', '', NULL, '', '', 6, 0, 'default', NULL),
(177, 'NC177', '', NULL, '', '', 6, 0, 'default', NULL),
(178, 'NC178', '', NULL, '', '', 6, 0, 'default', NULL),
(180, 'NC180', '', NULL, '', '', 6, 1, 'default', 'NC179'),
(181, 'NC181', '', NULL, '', '', 6, 1, 'default', 'NC179'),
(182, 'NC182', '', NULL, '', '', 6, 1, 'default', 'NC179'),
(184, 'NC184', '', NULL, '', '', 6, 1, 'default', 'NC183'),
(185, 'NC185', '', NULL, '', '', 6, 0, 'default', NULL),
(186, 'CO186', '', NULL, NULL, NULL, 3, 1, 'default', NULL),
(187, 'CO187', '', NULL, NULL, NULL, 3, 1, 'default', NULL),
(188, 'CO188', '', NULL, NULL, NULL, 3, 1, 'default', NULL),
(189, 'CO189', '', NULL, NULL, NULL, 3, 1, 'default', NULL),
(190, 'CO190', '', NULL, NULL, NULL, 3, 1, 'default', NULL),
(191, 'CO191', '', NULL, NULL, NULL, 3, 1, 'default', NULL),
(192, 'CO192', '', NULL, NULL, NULL, 3, 1, 'default', NULL),
(193, 'CO193', 'jeje', NULL, '', '', 3, 1, 'default', NULL),
(194, 'CO194', '', NULL, NULL, NULL, 3, 1, 'default', NULL),
(195, 'CO195', '', NULL, NULL, NULL, 3, 1, 'default', NULL),
(196, 'CO196', '', NULL, NULL, NULL, 3, 1, 'default', NULL),
(197, 'CO197', '', NULL, NULL, NULL, 3, 1, 'default', NULL),
(198, 'CO198', '', NULL, NULL, NULL, 3, 1, 'default', NULL),
(199, 'CO199', '', NULL, NULL, NULL, 3, 1, 'default', NULL),
(219, 'NC219', '', NULL, '', '', 7, 1, 'default', 'NC218'),
(220, 'NC220', '', NULL, '', '', 7, 0, 'default', NULL),
(221, 'NC221', '', NULL, '', '', 7, 0, 'default', NULL),
(223, 'NC223', '', NULL, '', '', 7, 1, 'default', 'NC222'),
(224, 'NC224', '', NULL, '', '', 7, 1, 'default', 'NC222'),
(225, 'NC225', '', NULL, '', '', 7, 0, 'default', NULL),
(226, 'NC226', '', NULL, '', '', 7, 0, 'default', NULL),
(228, 'NC228', '', NULL, '', '', 7, 1, 'default', 'NC227'),
(229, 'NC229', '', NULL, '', '', 7, 1, 'default', 'NC227'),
(230, 'NC230', '', NULL, NULL, NULL, 7, 0, 'default', NULL),
(231, 'NC231', '', NULL, NULL, NULL, 7, 0, 'default', NULL),
(232, 'NC232', '', NULL, NULL, NULL, 7, 0, 'default', NULL),
(233, 'NC233', '', NULL, NULL, NULL, 7, 0, 'default', NULL),
(234, 'NC234', '', NULL, NULL, NULL, 7, 0, 'default', NULL),
(235, 'NC235', '', NULL, NULL, NULL, 7, 0, 'default', NULL),
(236, 'NC236', '', NULL, NULL, NULL, 7, 0, 'default', NULL),
(237, 'NC237', '', NULL, NULL, NULL, 7, 0, 'cod-frozen', NULL),
(238, 'NC238', '', NULL, NULL, NULL, 7, 0, 'cod-frozen', NULL),
(239, 'NC239', '', NULL, NULL, NULL, 7, 0, 'cod-frozen', NULL),
(240, 'NC240', '', NULL, NULL, NULL, 7, 0, 'cod-frozen', NULL),
(241, 'NC241', '', NULL, NULL, NULL, 7, 0, 'default', NULL),
(243, 'NC243', '', NULL, '', '', 7, 1, 'default', 'NC242'),
(244, 'NC244', '', NULL, NULL, NULL, 7, 0, 'default', NULL),
(245, 'NC245', '', NULL, NULL, NULL, 7, 0, 'default', NULL),
(246, 'NC246', '', NULL, NULL, NULL, 7, 0, 'default', NULL),
(247, 'NC247', '', NULL, NULL, NULL, 7, 0, 'default', NULL),
(248, 'NC248', '', NULL, NULL, NULL, 7, 0, 'default', NULL),
(249, 'NC249', '', NULL, NULL, NULL, 7, 0, 'default', NULL),
(250, 'NC250', '', NULL, NULL, NULL, 7, 0, 'default', NULL),
(251, 'NC251', '', NULL, NULL, NULL, 7, 0, 'default', NULL),
(252, 'NC252', '', NULL, NULL, NULL, 4, 0, 'default', NULL),
(293, 'NC293', '', NULL, '', '', 8, 1, 'default', 'NC292'),
(294, 'NC294', '', NULL, '', '', 8, 1, 'default', 'NC292'),
(295, 'NC295', '', NULL, '', '', 8, 1, 'default', 'NC292'),
(296, 'NC296', '', NULL, '', '', 8, 0, 'default', NULL),
(297, 'NC297', '', NULL, '', '', 8, 0, 'default', NULL),
(298, 'NC298', '', NULL, '', '', 8, 0, 'default', NULL),
(300, 'NC300', '', NULL, '', '', 8, 1, 'default', 'NC299'),
(301, 'NC301', '', NULL, '', '', 8, 1, 'default', 'NC299'),
(302, 'NC302', '', NULL, '', '', 8, 1, 'default', 'NC299'),
(305, 'NC305', '', NULL, '', '', 8, 1, 'default', 'NC304'),
(306, 'NC306', '', NULL, '', '', 8, 1, 'default', 'NC304'),
(307, 'NC307', '', NULL, '', '', 8, 0, 'default', NULL),
(308, 'NC308', '', NULL, '', '', 8, 0, 'default', NULL),
(309, 'NC309', '', NULL, '', '', 8, 0, 'default', NULL),
(311, 'NC311', '', NULL, '', '', 8, 1, 'default', 'NC310'),
(312, 'NC312', '', NULL, '', '', 8, 1, 'default', 'NC310'),
(314, 'NC314', '', NULL, '', '', 8, 1, 'default', 'NC313'),
(315, 'NC315', '', NULL, '', '', 8, 1, 'default', 'NC313'),
(316, 'NC316', '', NULL, '', '', 8, 0, 'default', NULL),
(318, 'NC318', '', NULL, '', '', 8, 1, 'default', 'NC317'),
(319, 'NC319', '', NULL, '', '', 8, 1, 'default', 'NC317'),
(321, 'NC321', '', NULL, '', '', 8, 1, 'cod-frozen', 'NC320'),
(323, 'NC323', '', NULL, '', '', 8, 1, 'cod-frozen', 'NC322'),
(325, 'NC325', '', NULL, '', '', 8, 1, 'default', 'NC324'),
(326, 'NC326', '', NULL, '', '', 8, 1, 'default', 'NC324'),
(327, 'NC327', '', NULL, '', '', 8, 1, 'default', 'NC324'),
(328, 'NC328', '', NULL, '', '', 8, 1, 'default', 'NC324'),
(330, 'NC330', '', NULL, '', '', 8, 1, 'default', 'NC329'),
(331, 'NC331', '', NULL, '', '', 8, 1, 'default', 'NC329'),
(332, 'NC332', '', NULL, '', '', 8, 1, 'default', 'NC329'),
(333, 'NC333', '', NULL, '', '', 8, 1, 'default', 'NC329'),
(336, 'NA336', '', NULL, '', '', 11, 1, 'default', 'NA335'),
(354, 'NA354', '', NULL, '', '', 12, 1, 'default', 'NA353'),
(355, 'NA355', '', NULL, '', '', 12, 0, 'default', NULL),
(356, 'NA356', '', NULL, '', '', 12, 0, 'default', NULL),
(357, 'NA357', '', NULL, '', '', 12, 0, 'default', NULL),
(358, 'NA358', '', NULL, '', '', 12, 0, 'default', NULL),
(360, 'NA360', '', NULL, '', '', 12, 1, 'default', 'NA359'),
(361, 'NA361', '', NULL, '', '', 12, 0, 'default', NULL),
(363, 'NA363', '', NULL, '', '', 12, 0, 'default', NULL),
(365, 'NA365', '', NULL, '', '', 12, 0, 'default', NULL),
(366, 'NA366', '', NULL, '', '', 12, 0, 'default', NULL),
(367, 'NA367', '', NULL, '', '', 12, 0, 'default', 'NA366'),
(368, 'NA368', '', NULL, '', '', 12, 0, 'default', 'NA366'),
(369, 'NA369', '', NULL, '', '', 12, 0, 'default', NULL),
(370, 'NA370', '', NULL, '', '', 12, 0, 'default', NULL),
(399, 'NC039', '', '', '', '', 1, 1, 'default', 'NC038'),
(401, 'NC041', '', '', '', '', 1, 1, 'default', 'NC040'),
(402, 'NC042', '', NULL, '', '', 1, 0, 'default', NULL),
(403, 'NC043', '', NULL, '', '', 1, 0, 'default', NULL),
(404, 'NC044', '', NULL, '', '', 1, 0, 'default', NULL),
(405, 'NC046', '', '', '', '', 1, 1, 'default', 'NC045'),
(406, 'NC047', '', NULL, '', '', 1, 0, 'default', NULL),
(407, 'NC048', '', NULL, '', '', 1, 0, 'default', NULL),
(408, 'NC050', '', '', '', '', 1, 1, 'default', 'NC049'),
(411, 'NC051', '', NULL, '', '', 1, 0, 'default', NULL),
(412, 'NC052', '', NULL, '', '', 1, 0, 'default', NULL),
(413, 'NC053', '', NULL, '', '', 1, 0, 'default', NULL),
(415, 'NC055', '', '', '', '', 1, 1, 'default', 'NC054'),
(416, 'NC056', '', '', '', '', 1, 1, 'default', 'NC054'),
(417, 'NC057', '', '', '', '', 1, 1, 'default', 'NC054'),
(431, 'NC071', '', NULL, '', '', 1, 1, 'default', 'NC070'),
(432, 'NC072', '', NULL, '', '', 1, 1, 'default', 'NC070'),
(433, 'NC073', '', NULL, '', '', 1, 0, 'default', NULL),
(435, 'NC075', '', NULL, '', '', 1, 1, 'default', 'NC074'),
(436, 'NC076', '', NULL, '', '', 1, 1, 'default', 'NC074'),
(437, 'NC077', '', NULL, '', '', 1, 1, 'default', 'NC074'),
(438, 'NC078', '', NULL, '', '', 5, 0, 'default', NULL),
(439, 'NC079', '', NULL, '', '', 5, 0, 'default', 'NC078'),
(440, 'NC080', 'Mariscomanía', NULL, '', '', 5, 1, 'restaurants', NULL),
(441, 'NC082', '', NULL, '', '', 5, 1, 'default', 'NC080'),
(443, 'NC083', '', NULL, '', '', 5, 1, 'default', 'NC080'),
(444, 'NC084', '', NULL, '', '', 5, 1, 'default', 'NC080'),
(445, 'NC085', '', NULL, '', '', 5, 1, 'default', 'NC080'),
(447, 'NC087', '', NULL, '', '', 5, 1, 'default', 'NC086'),
(449, 'NC089', '', NULL, '', '', 5, 1, 'default', 'NC088'),
(451, 'NC091', '', NULL, '', '', 5, 1, 'default', 'NC090'),
(452, 'NC092', '', NULL, '', '', 5, 1, 'default', 'NC090'),
(453, 'NC093', '', NULL, '', '', 5, 1, 'default', 'NC090'),
(455, 'NC095', '', NULL, '', '', 5, 1, 'default', 'NC094'),
(456, 'NC096', '', NULL, '', '', 5, 1, 'default', 'NC094'),
(457, 'NC097', '', NULL, '', '', 5, 0, 'default', NULL),
(458, 'NC098', '', NULL, '', '', 5, 0, 'default', 'NC097'),
(459, 'NC099', '', NULL, '', '', 5, 0, 'default', NULL),
(460, 'NC100', '', NULL, '', '', 5, 0, 'default', 'NC099'),
(462, 'NC102', '', NULL, '', '', 5, 1, 'default', 'NC101'),
(463, 'NC103', '', NULL, '', '', 5, 1, 'default', 'NC101'),
(465, 'NC105', '', NULL, '', '', 5, 1, 'default', 'NC104'),
(466, 'NC106', '', NULL, '', '', 5, 1, 'default', 'NC104'),
(467, 'NC108', '', NULL, '', '', 5, 1, 'default', 'NC107'),
(469, 'NC109', '', NULL, '', '', 5, 1, 'default', 'NC107'),
(471, 'NC111', '', NULL, '', '', 5, 1, 'default', 'NC110'),
(472, 'NC112', '', NULL, '', '', 5, 1, 'default', 'NC110'),
(473, 'NC113', '', NULL, '', '', 5, 1, 'default', 'NC110'),
(475, 'NC115', '', NULL, '', '', 5, 1, 'default', 'NC114'),
(477, 'NC117', '', NULL, '', '', 5, 1, 'default', 'NC116'),
(478, 'NC118', '', NULL, '', '', 5, 0, 'default', NULL),
(479, 'NC119', '', NULL, '', '', 5, 0, 'default', 'NC118'),
(481, 'NC121', '', NULL, '', '', 2, 1, 'default', 'NC120'),
(938, 'NC038', 'Carnicería Luis', '', '', '', 1, 1, 'butcher', NULL),
(940, 'NC040', 'Galimar Cocedero', '', '', '', 1, 1, 'restaurants', NULL),
(949, 'NC049', 'Galo Celta', '', '', '', 1, 1, 'butcher', NULL),
(954, 'NC054', 'A dos Capelo', '', '', '', 1, 1, 'butcher', NULL),
(958, 'NC058', 'Verduras Lela', '', '', '', 1, 1, 'vegetables-organics', NULL),
(959, 'NC059', 'Cocina Abastos', '', '', '', 1, 1, 'default', 'NC058'),
(963, 'NC063', 'Muna', '', '', '', 1, 1, 'restaurants', NULL),
(965, 'NC065', 'Charcutería Seco', '', '', '', 1, 1, 'delicatessen', NULL),
(970, 'NC070', 'Carnicería Manolo de Conxo', '', '', '', 1, 1, 'butcher', NULL),
(974, 'NC074', 'Carnicería Carlos', '', '', '', 1, 1, 'butcher', NULL),
(981, 'NC081', 'Mariscomanía', '', '', '', 5, 1, 'restaurants', 'NC080'),
(986, 'NC086', 'Casa Millan', '', '', '', 5, 1, 'restaurants', NULL),
(988, 'NC088', 'Cantina 3', '', '', '', 5, 1, 'restaurants', NULL),
(990, 'NC090', 'Amoado', '', '', '', 5, 1, 'restaurants', NULL),
(994, 'NC094', 'Taberna Abastos', '', '', '', 5, 1, 'restaurants', NULL),
(9101, 'NC101', 'Mariscomania', '', '', '', 5, 1, 'fish-seafood', NULL),
(9104, 'NC104', 'Vinos y Fogones', '', '', '', 5, 1, 'restaurants', NULL),
(9107, 'NC107', 'Pulperia Abastos', '', '', '', 5, 1, 'fish-seafood', NULL),
(9110, 'NC110', 'Ostrería', '', '', '', 5, 1, 'restaurants', NULL),
(9114, 'NC114', 'Febras', '', '', '', 5, 1, 'restaurants', NULL),
(9116, 'NC116', 'Tarela', '', '', '', 5, 1, 'restaurants', NULL),
(9120, 'NC120', 'Carnicería Pilar González', '', '', '', 2, 1, 'butcher', NULL),
(9121, 'NC123', 'Desconocido', NULL, '', '', 2, 1, 'default', 'NC122'),
(9122, 'NC124', 'Desconocido', NULL, '', '', 2, 1, 'default', 'NC122'),
(9123, 'NC125', 'Desconocido', NULL, '', '', 2, 1, 'default', 'NC122'),
(9124, 'NC127', 'Desconocido', NULL, '', '', 2, 1, 'default', 'NC126'),
(9125, 'NC128', 'Desconocido', NULL, '', '', 2, 1, 'default', 'NC126'),
(9126, 'NC129', 'Desconocido', NULL, '', '', 2, 1, 'default', 'NC126'),
(9127, 'NC131', 'Desconocido', NULL, '', '', 2, 1, 'default', 'NC130'),
(9128, 'NC132', 'Desconocido', NULL, '', '', 2, 1, 'default', 'NC130'),
(9129, 'NC134', 'Desconocido', NULL, '', '', 2, 1, 'default', 'NC133'),
(9130, 'NC137', 'Desconocido', NULL, '', '', 2, 1, 'default', 'NC136'),
(9131, 'NC139', 'Desconocido', NULL, '', '', 2, 1, 'default', 'NC138'),
(9132, 'NC140', 'Desconocido', NULL, '', '', 2, 1, 'default', 'NC138'),
(9133, 'NC141', 'Desconocido', NULL, '', '', 2, 1, 'default', 'NC138'),
(9134, 'NC143', 'Desconocido', NULL, '', '', 2, 1, 'default', 'NC142'),
(9135, 'NC144', 'Desconocido', NULL, '', '', 2, 1, 'default', 'NC142'),
(9136, 'NC145', '', NULL, '', '', 2, 0, 'default', NULL),
(9137, 'NC146', '', NULL, '', '', 2, 0, 'default', 'NC145'),
(9138, 'NC148', 'Desconocido', NULL, '', '', 2, 1, 'default', 'NC147'),
(9139, 'NC149', 'Desconocido', NULL, '', '', 2, 1, 'default', 'NC147'),
(9140, 'NC150', 'Desconocido', NULL, '', '', 2, 1, 'default', 'NC147'),
(9141, 'NC151', 'Desconocido', NULL, '', '', 2, 1, 'default', 'NC147'),
(9142, 'NC187', '', '', '', '', 3, 1, 'default', 'NC186'),
(9143, 'NC189', '', '', '', '', 3, 1, 'default', 'NC188'),
(9144, 'NC191', '', '', '', '', 3, 1, 'default', 'NC190'),
(9145, 'NC192', '', '', '', '', 3, 1, 'default', 'NC190'),
(9146, 'NC194', '', '', '', '', 3, 1, 'default', 'NC193'),
(9147, 'NC196', '', '', '', '', 3, 1, 'default', 'NC195'),
(9148, 'NC197', '', '', '', '', 3, 1, 'default', 'NC195'),
(9149, 'NC198', '', '', '', '', 3, 1, 'default', 'NC195'),
(9150, 'NC199', '', '', '', '', 3, 1, 'default', 'NC195'),
(9151, 'NC200', '', '', '', '', 3, 1, 'default', 'NC195'),
(9152, 'NC203', '', '', '', '', 3, 1, 'default', 'NC202'),
(9153, 'NC204', '', '', '', '', 3, 1, 'default', 'NC202'),
(9154, 'NC207', '', '', '', '', 3, 1, 'default', 'NC206'),
(9155, 'NC210', '', '', '', '', 3, 1, 'default', 'NC209'),
(9156, 'NC213', '', '', '', '', 3, 1, 'default', 'NC212'),
(9157, 'NC215', '', '', '', '', 3, 1, 'default', 'NC214'),
(9158, 'NC217', '', '', '', '', 3, 1, 'default', 'NC216'),
(9159, 'NC254', '', '', '', '', 4, 1, 'default', 'NC252'),
(9160, 'NC255', '', '', '', '', 4, 1, 'default', 'NC252'),
(9161, 'NC256', '', '', '', '', 4, 1, 'default', 'NC252'),
(9162, 'NC258', '', '', '', '', 4, 1, 'default', 'NC257'),
(9163, 'NC259', '', '', '', '', 4, 1, 'default', 'NC257'),
(9164, 'NC261', '', '', '', '', 4, 1, 'default', 'NC260'),
(9165, 'NC263', '', '', '', '', 4, 1, 'default', 'NC262'),
(9166, 'NC264', '', '', '', '', 4, 1, 'default', 'NC262'),
(9167, 'NC265', '', '', '', '', 4, 1, 'default', 'NC262'),
(9168, 'NC266', '', '', '', '', 4, 1, 'default', 'NC262'),
(9169, 'NC267', '', '', '', '', 4, 1, 'default', 'NC262'),
(9170, 'NC269', '', '', '', '', 4, 1, 'default', 'NC268'),
(9171, 'NC270', '', '', '', '', 4, 1, 'default', 'NC268'),
(9172, 'NC271', '', '', '', '', 4, 1, 'default', 'NC268'),
(9173, 'NC273', '', '', '', '', 4, 1, 'default', 'NC272'),
(9174, 'NC274', '', '', '', '', 4, 1, 'default', 'NC272'),
(9175, 'NC276', '', '', '', '', 4, 1, 'default', 'NC275'),
(9176, 'NC277', '', '', '', '', 4, 1, 'default', 'NC275'),
(9177, 'NC278', '', '', '', '', 4, 1, 'default', 'NC275'),
(9178, 'NC280', '', '', '', '', 4, 1, 'default', 'NC279'),
(9179, 'NC282', '', '', '', '', 4, 1, 'default', 'NC281'),
(9180, 'NC285', '', '', '', '', 4, 0, 'default', NULL),
(9181, 'NC286', '', '', '', '', 4, 1, 'default', 'NC285'),
(9182, 'NC288', '', '', '', '', 4, 1, 'default', 'NC287'),
(9183, 'NC291', '', '', '', '', 4, 1, 'default', 'NC290'),
(9184, 'NA340', '', '', '', '', 11, 1, '', 'NA339'),
(9185, 'NA342', '', '', '', '', 11, 1, '', 'NA341'),
(9186, 'NA343', '', '', '', '', 11, 1, '', ''),
(9187, 'NA344', '', '', '', '', 11, 1, '', 'NA343'),
(9188, 'NA347', '', '', '', '', 11, 1, 'default', 'NA346'),
(9189, 'NA348', '', '', '', '', 11, 1, 'default', 'NA346'),
(9190, 'NA349', '', '', '', '', 11, 1, 'default', 'NA346'),
(9191, 'NA350', '', '', '', '', 11, 1, 'default', 'NA346');

-- --------------------------------------------------------

--
-- Estructura de tabla para la tabla `puestos_traducciones`
--

CREATE TABLE `puestos_traducciones` (
  `id` int(11) NOT NULL,
  `puesto_id` int(11) NOT NULL,
  `codigo_idioma` varchar(5) NOT NULL,
  `nombre_idioma` varchar(20) NOT NULL,
  `tipo` varchar(50) NOT NULL,
  `descripcion` text DEFAULT NULL
) ENGINE=InnoDB DEFAULT CHARSET=utf8mb4 COLLATE=utf8mb4_general_ci;

--
-- Volcado de datos para la tabla `puestos_traducciones`
--

INSERT INTO `puestos_traducciones` (`id`, `puesto_id`, `codigo_idioma`, `nombre_idioma`, `tipo`, `descripcion`) VALUES
(1, 1, 'es', 'Español', 'Artesanía', 'Artesanía en piel, sello de artesanía de Andalucía.'),
(2, 1, 'gl', 'Gallego', 'Artesanía', 'Artesanía en pel sello de artesanía de Andalucía.'),
(3, 1, 'en', 'Inglés', 'Handicraft', 'Leather crafts with the Andalusian craftsmanship seal.'),
(4, 1, 'fr', 'Francés', 'Artesanía', 'Artisanat en cuir, label d\'artisanat d\'Andalousie.'),
(5, 2, 'es', 'Español', '', ''),
(6, 2, 'gl', 'Gallego', 'Artesanía', ''),
(7, 2, 'en', 'Inglés', '', ''),
(8, 2, 'fr', 'Francés', '', ''),
(9, 3, 'es', 'Español', 'Artesanía', 'Productos artísticos.'),
(10, 3, 'gl', 'Gallego', 'Artesanía', 'Productos artísticos.'),
(11, 3, 'en', 'Inglés', 'Handicraft', 'Artistic products.'),
(12, 3, 'fr', 'Francés', 'Artesanía', 'Produits artistiques.'),
(13, 4, 'es', 'Español', '', ''),
(14, 4, 'gl', 'Gallego', '', ''),
(15, 4, 'en', 'Inglés', '', 'One of the stalls in the central area of the plaza, next to the tower. Specializes in ham and Lugo-origin meat.'),
(16, 4, 'fr', 'Francés', '', ''),
(17, 5, 'es', 'Español', '', 'Especializada en bolsos artesanales.'),
(18, 5, 'gl', 'Gallego', '', 'Especializada en bolsos artesanais.'),
(19, 5, 'en', 'Inglés', '', 'Specializes in handmade bags.'),
(20, 5, 'fr', 'Francés', '', ''),
(21, 6, 'es', 'Español', '', ''),
(22, 6, 'gl', 'Gallego', '', ''),
(23, 6, 'en', 'Inglés', '', ''),
(24, 6, 'fr', 'Francés', '', ''),
(25, 7, 'es', 'Español', 'Artesanía', 'Artesanía.'),
(26, 7, 'gl', 'Gallego', 'Artesanía', 'Artesanía.'),
(27, 7, 'en', 'Inglés', 'Handicraft', 'Crafts.'),
(28, 7, 'fr', 'Francés', 'Artesanía', 'Artisanat.'),
(29, 8, 'es', 'Español', '', ''),
(30, 8, 'gl', 'Gallego', '', ''),
(31, 8, 'en', 'Inglés', '', ''),
(32, 8, 'fr', 'Francés', '', ''),
(33, 9, 'es', 'Español', 'Reparación de Calzado', 'Reparación de calzado, duplicado de llaves, afilados, teñidos…'),
(34, 9, 'gl', 'Gallego', 'Reparación do Calzado', 'Reparación de calzado, duplicado de chaves, afiados, teñidos…'),
(35, 9, 'en', 'Inglés', 'Restaurants', 'Shoe repair, key duplication, sharpening, dyeing…'),
(36, 9, 'fr', 'Francés', 'Reparación de Calzado', 'Réparation de chaussures, duplication de clés, affûtage, teinture...'),
(37, 10, 'es', 'Español', '', ''),
(38, 10, 'gl', 'Gallego', '', ''),
(39, 10, 'en', 'Inglés', '', ''),
(40, 10, 'fr', 'Francés', '', ''),
(41, 11, 'es', 'Español', '', ''),
(42, 11, 'gl', 'Gallego', '', ''),
(43, 11, 'en', 'Inglés', '', ''),
(44, 11, 'fr', 'Francés', '', ''),
(45, 12, 'es', 'Español', '', ''),
(46, 12, 'gl', 'Gallego', '', ''),
(47, 12, 'en', 'Inglés', '', ''),
(48, 12, 'fr', 'Francés', '', ''),
(49, 13, 'es', 'Español', 'Restaurante', 'Platos de pescado y marisco con productos frescos del mercado.'),
(50, 13, 'gl', 'Gallego', 'Restaurante', 'Platos de pescado e marisco con productos frescos do mercado.'),
(51, 13, 'en', 'Inglés', 'Restaurants', 'Dishes of fish and seafood with fresh market products.'),
(52, 13, 'fr', 'Francés', 'Restaurante', 'Plats de poisson et fruits de mer avec des produits frais du marché.'),
(53, 14, 'es', 'Español', '', ''),
(54, 14, 'gl', 'Gallego', '', ''),
(55, 14, 'en', 'Inglés', '', ''),
(56, 14, 'fr', 'Francés', '', ''),
(57, 15, 'es', 'Español', '', ''),
(58, 15, 'gl', 'Gallego', '', ''),
(59, 15, 'en', 'Inglés', '', ''),
(60, 15, 'fr', 'Francés', '', ''),
(61, 16, 'es', 'Español', '', ''),
(62, 16, 'gl', 'Gallego', '', ''),
(63, 16, 'en', 'Inglés', '', ''),
(64, 16, 'fr', 'Francés', '', ''),
(65, 17, 'es', 'Español', '', ''),
(66, 17, 'gl', 'Gallego', '', ''),
(67, 17, 'en', 'Inglés', '', ''),
(68, 17, 'fr', 'Francés', '', ''),
(69, 18, 'es', 'Español', '', ''),
(70, 18, 'gl', 'Gallego', '', ''),
(71, 18, 'en', 'Inglés', '', ''),
(72, 18, 'fr', 'Francés', '', ''),
(73, 19, 'es', 'Español', 'Artesanía', 'Plata, mercería, artesanía gallega y paraguas.'),
(74, 19, 'gl', 'Gallego', 'Artesanía', 'Prata, mercería, artesanía galega e paraugas.'),
(75, 19, 'en', 'Inglés', 'Handicraft', 'Silver, haberdashery, Galician crafts, and umbrellas.'),
(76, 19, 'fr', 'Francés', 'Artesanía', 'Argent, mercerie, artisanat galicien et parapluies.'),
(77, 20, 'es', 'Español', '', ''),
(78, 20, 'gl', 'Gallego', '', ''),
(79, 20, 'en', 'Inglés', '', ''),
(80, 20, 'fr', 'Francés', '', ''),
(81, 21, 'es', 'Español', 'Agasallos', 'Complementos preparados por diseñadores españoles.'),
(82, 21, 'gl', 'Gallego', 'Agasallos', 'Complementos preparados por deseñadores españoles.'),
(83, 21, 'en', 'Inglés', '', 'Accessories prepared by Spanish designers.'),
(84, 21, 'fr', 'Francés', 'Agasallos', 'Accessoires préparés par des designers espagnols.'),
(85, 22, 'es', 'Español', '', ''),
(86, 22, 'gl', 'Gallego', '', ''),
(87, 22, 'en', 'Inglés', '', ''),
(88, 22, 'fr', 'Francés', '', ''),
(89, 23, 'es', 'Español', '', ''),
(90, 23, 'gl', 'Gallego', '', ''),
(91, 23, 'en', 'Inglés', '', ''),
(92, 23, 'fr', 'Francés', '', ''),
(93, 24, 'es', 'Español', 'Bolsos', ''),
(94, 24, 'gl', 'Gallego', 'Bolsos', ''),
(95, 24, 'en', 'Inglés', 'Handicraft', 'Specializes in handmade bags.'),
(96, 24, 'fr', 'Francés', 'Bolsos', 'Spécialisée en sacs artisanaux.'),
(97, 25, 'es', 'Español', 'Agasallos', 'Regalos y detalles únicos para cualquier ocasión.'),
(98, 25, 'gl', 'Gallego', 'Agasallos', 'Regalos e detalles únicos para calquera ocasión.'),
(99, 25, 'en', 'Inglés', 'Handicraft', 'Unique gifts and details for any occasion.'),
(100, 25, 'fr', 'Francés', 'Agasallos', 'Cadeaux et détails uniques pour toute occasion.'),
(101, 26, 'es', 'Español', '', ''),
(102, 26, 'gl', 'Gallego', '', ''),
(103, 26, 'en', 'Inglés', '', ''),
(104, 26, 'fr', 'Francés', '', ''),
(105, 27, 'es', 'Español', '', ''),
(106, 27, 'gl', 'Gallego', '', ''),
(107, 27, 'en', 'Inglés', '', ''),
(108, 27, 'fr', 'Francés', '', ''),
(109, 28, 'es', 'Español', 'Agasallos', 'Tienda de diseño, complementos e ilustración.'),
(110, 28, 'gl', 'Gallego', 'Agasallos', 'Tendiña de deseño, complementos e ilustración.'),
(111, 28, 'en', 'Inglés', 'Handicraft', 'Design shop, accessories, and illustration.'),
(112, 28, 'fr', 'Francés', 'Agasallos', 'Boutique de design, accessoires et illustrations.'),
(113, 29, 'es', 'Español', 'Flores', 'Floristería ubicada en el muro exterior del mercado.'),
(114, 29, 'gl', 'Gallego', 'Flores', 'Floraría ubicada no murallón exterior do mercado.'),
(115, 29, 'en', 'Inglés', 'Flowers', 'Florist located on the market\'s exterior wall.'),
(116, 29, 'fr', 'Francés', 'Flores', 'Camélias d\'une grande beauté et élégance.'),
(117, 30, 'es', 'Español', 'Artesanía', 'Artesanía gallega, bisutería, souvenirs y flores.'),
(118, 30, 'gl', 'Gallego', 'Artesanía', 'Artesanía galega, bisutería, souvenirs e flores.'),
(119, 30, 'en', 'Inglés', 'Handicraft', 'Galician crafts, costume jewelry, souvenirs, and flowers.'),
(120, 30, 'fr', 'Francés', 'Artesanía', 'Artisanat galicien, bijoux fantaisie, souvenirs et fleurs.'),
(121, 31, 'es', 'Español', '', ''),
(122, 31, 'gl', 'Gallego', '', ''),
(123, 31, 'en', 'Inglés', '', ''),
(124, 31, 'fr', 'Francés', '', ''),
(125, 32, 'es', 'Español', '', ''),
(126, 32, 'gl', 'Gallego', '', ''),
(127, 32, 'en', 'Inglés', '', ''),
(128, 32, 'fr', 'Francés', '', ''),
(129, 33, 'es', 'Español', '', ''),
(130, 33, 'gl', 'Gallego', '', ''),
(131, 33, 'en', 'Inglés', '', ''),
(132, 33, 'fr', 'Francés', '', ''),
(133, 34, 'es', 'Español', '', ''),
(134, 34, 'gl', 'Gallego', '', ''),
(135, 34, 'en', 'Inglés', '', ''),
(136, 34, 'fr', 'Francés', '', ''),
(137, 35, 'es', 'Español', '', ''),
(138, 35, 'gl', 'Gallego', '', ''),
(139, 35, 'en', 'Inglés', '', ''),
(140, 35, 'fr', 'Francés', '', ''),
(141, 36, 'es', 'Español', 'Artesanía', 'Artesanía con estilo contemporáneo.'),
(142, 36, 'gl', 'Gallego', 'Artesanía', 'Artesanía con estilo contemporáneo.'),
(143, 36, 'en', 'Inglés', 'Handicraft', 'Contemporary style crafts.'),
(144, 36, 'fr', 'Francés', 'Artesanía', 'Artisanat au style contemporain.'),
(145, 37, 'es', 'Español', '', ''),
(146, 37, 'gl', 'Gallego', '', ''),
(147, 37, 'en', 'Inglés', '', ''),
(148, 37, 'fr', 'Francés', '', ''),
(149, 38, 'es', 'Español', 'Carnicería', 'Se encuentra en la nave 2, donde ofrece como productos estrella ternera del país y cordero lechal.'),
(150, 38, 'gl', 'Gallego', 'Carnicería', 'Atópase na nave 2, onde ofrece como produtos estrela tenreira do país e ovella lechal.'),
(151, 38, 'en', 'Inglés', 'Butcher', 'Found in hall 2, offering as star products local veal and suckling lamb.'),
(152, 38, 'fr', 'Francés', 'Carnicería', 'Située dans le hall 2, proposant comme produits phares le bœuf local et l’agneau de lait.'),
(153, 39, 'es', 'Español', 'Charcutería', 'Su oferta va desde quesos nacionales e importados, embutidos y fiambres hasta conservas y aceitunas.'),
(154, 39, 'gl', 'Gallego', 'Charcutería', 'A súa oferta vai dende os queixos nacionais e de importación, embutidos e fiambres ata conservas e aceitunas.'),
(155, 39, 'en', 'Inglés', 'Delicatessen', 'Offers national and imported cheeses, cured meats, and conserves.'),
(156, 39, 'fr', 'Francés', 'Charcutería', 'Proposant des fromages nationaux et importés, des charcuteries, des conserves et des olives.'),
(157, 40, 'es', 'Español', 'Carnicería', 'Ubicada en la nave 2, es ideal para hamburguesas clásicas y también combinaciones diferentes.'),
(158, 40, 'gl', 'Gallego', 'Carnicería', 'Ubicada na nave 2, é ideal para hamburguesas clásicas e tamén combinacións diferentes.'),
(159, 40, 'en', 'Inglés', 'Butcher', 'Located in hall 2, ideal for classic hamburgers and also different combinations.'),
(160, 40, 'fr', 'Francés', 'Carnicería', 'Située dans le hall 2, idéale pour des hamburgers classiques et des combinaisons variées.'),
(161, 41, 'es', 'Español', 'Carnicería', 'Cerca de una de las entradas a la nave 2, ofrece buey y productos porcinos, entre otros.'),
(162, 41, 'gl', 'Gallego', 'Carnicería', 'Preta dunha das entradas á nave 2, ofrece boi e produtos porcinos entre outros.'),
(163, 41, 'en', 'Inglés', 'Butcher', 'Near one of the entrances to hall 2, offers beef and pork products among others.'),
(164, 41, 'fr', 'Francés', 'Carnicería', 'Près d\'une des entrées du hall 2, offrant du bœuf et des produits de porc, entre autres.'),
(165, 42, 'es', 'Español', '', ''),
(166, 42, 'gl', 'Gallego', '', ''),
(167, 42, 'en', 'Inglés', '', ''),
(168, 42, 'fr', 'Francés', '', ''),
(169, 43, 'es', 'Español', 'Queixos', 'En la entrada de la nave 2, este puesto destaca por los quesos gallegos con denominación de origen.'),
(170, 43, 'gl', 'Gallego', 'Queixos', 'Na entrada da nave 2, este posto destaca polos queixos galegos con denominación de orixe.'),
(171, 43, 'en', 'Inglés', 'Delicatessen', 'At the entrance of hall 2, this stall stands out for its Galician cheeses with denomination of origin.'),
(172, 43, 'fr', 'Francés', 'Queixos', 'Fromages galiciens avec appellation d\'origine.'),
(173, 44, 'es', 'Español', 'Carnicería', 'Situada en la nave 2, destaca por su morcilla gallega, sus elaborados de cerdo y los chicharrones.'),
(174, 44, 'gl', 'Gallego', 'Carnicería', 'Situada na nave 2, destaca a súa morcilla galega, os seus elaborados de porco e os rixóns.'),
(175, 44, 'en', 'Inglés', 'Butcher', 'Located in hall 2, known for its Galician blood sausage, pork products, and kidneys.'),
(176, 44, 'fr', 'Francés', 'Carnicería', 'Située dans le hall 2, elle est connue pour son boudin galicien, ses préparations de porc et ses grattons.'),
(177, 45, 'es', 'Español', 'Queixos', 'Se puede encontrar en la nave 2, ofreciendo quesos artesanales con sabor intenso y cremoso.'),
(178, 45, 'gl', 'Gallego', 'Queixos', 'Pódese atopar na nave 2, ofrecendo queixos artesanais con sabor intenso e cremoso.'),
(179, 45, 'en', 'Inglés', '', 'Located in hall 2, offering artisanal cheeses with intense and creamy flavors.'),
(180, 45, 'fr', 'Francés', 'Queixos', 'Fromages artisanaux au goût intense et crémeux.'),
(181, 46, 'es', 'Español', 'Polos', 'Destaca por su servicio de despiece de pollo, conejo y pavo.'),
(182, 46, 'gl', 'Gallego', 'Polos', ''),
(183, 46, 'en', 'Inglés', '', 'Known for its poultry, rabbit, and turkey cutting service.'),
(184, 46, 'fr', 'Francés', 'Polos', 'Découpe de poulet, lapin et dinde.'),
(185, 47, 'es', 'Español', 'Charcutería', 'Todo tipo de productos elaborados, queso y carnes. Vinos, orujos y conservas.'),
(186, 47, 'gl', 'Gallego', 'Charcutería', 'Toda clase de productos elaborados, queixo e carnes. Viños, oruxos e conservas.'),
(187, 47, 'en', 'Inglés', 'Delicatessen', 'All kinds of processed products, cheese, and meats. Wines, pomace brandy, and conserves.'),
(188, 47, 'fr', 'Francés', 'Charcutería', 'Produits élaborés, fromages, viandes, vins, liqueurs et conserves.'),
(189, 48, 'es', 'Español', 'Carnicería', 'Situada en la nave 6, esta carnicería tradicional destaca entre sus productos por la ternera gallega y el cerdo de primera calidad.'),
(190, 48, 'gl', 'Gallego', 'Carnicería', 'Situada na nave 6, esta carnicería tradicional destaca entre os seus productos á tenreira galega e o porco de primeira calidade.'),
(191, 48, 'en', 'Inglés', 'Butcher', 'Located in hall 6, this traditional butcher shop stands out for its Galician veal and high-quality pork products.'),
(192, 48, 'fr', 'Francés', 'Carnicería', 'Située dans le hall 6, cette boucherie traditionnelle est réputée pour son bœuf galicien et son porc de première qualité.'),
(193, 49, 'es', 'Español', 'Carnicería', 'Dentro de su amplia oferta en sus puestos de la nave 6, ofrece carnes del país y chorizos caseros.'),
(194, 49, 'gl', 'Gallego', 'Carnicería', 'Dentro da súa ampla oferta nos seus postos da nave 6, ofrece carnes do país e chourizos caseiros.'),
(195, 49, 'en', 'Inglés', 'Butcher', 'Within its wide range of products in its stalls in hall 6, offers local meats and homemade sausages.'),
(196, 49, 'fr', 'Francés', 'Carnicería', 'Proposant une large offre dans ses étals du hall 6, avec des viandes locales et des chorizos maison.'),
(197, 50, 'es', 'Español', 'Carnicería', 'Carnicería Pereiro, cuyos puestos se encuentran situados en la nave 6, trabaja especialmente productos de cerdo y ternera.'),
(198, 50, 'gl', 'Gallego', 'Carnicería', 'Carnicería Pereiro, cuxos postos se atopan situados na nave 6, traballan especialmente produtos de porco e tenreira.'),
(199, 50, 'en', 'Inglés', 'Butcher', 'Butcher shop located in hall 6, specializes in pork and veal products.'),
(200, 50, 'fr', 'Francés', 'Carnicería', 'Boucherie Pereiro, située dans le hall 6, spécialisée dans le porc et le bœuf.'),
(201, 51, 'es', 'Español', 'Charcutería', 'Situado en la entrada de la nave 6, destaca por sus chorizos, panceta y quesos.'),
(202, 51, 'gl', 'Gallego', 'Charcutería', 'Colocado na entrada da nave 6, destaca polos seus chourizos, panceta e queixos.'),
(203, 51, 'en', 'Inglés', 'Delicatessen', 'Located at the entrance of hall 6, known for its sausages, bacon, and cheeses.'),
(204, 51, 'fr', 'Francés', 'Charcutería', 'Située à l\'entrée du hall 6, spécialisée dans les chorizos, pancetta et fromages.'),
(205, 52, 'es', 'Español', 'Charcutería', 'Todo tipo de productos elaborados, queso y carnes. Vinos, orujos y conservas.'),
(206, 52, 'gl', 'Gallego', 'Charcutería', 'Toda clase de productos elaborados, queixo e carnes. Viños, oruxos e conservas.'),
(207, 52, 'en', 'Inglés', 'Delicatessen', 'All kinds of processed products, cheese, and meats. Wines, pomace brandy, and conserves.'),
(208, 52, 'fr', 'Francés', 'Charcutería', 'Produits élaborés, fromages, viandes, vins, liqueurs et conserves.'),
(209, 53, 'es', 'Español', 'Charcutería', 'Ubicado en la nave 6, destaca por los productos elaborados y quesos del país.'),
(210, 53, 'gl', 'Gallego', 'Charcutería', 'Sito na nave 6, destaca polos produtos elaborados e queixos do país.'),
(211, 53, 'en', 'Inglés', 'Delicatessen', 'Located in hall 6, known for processed products and local cheeses.'),
(212, 53, 'fr', 'Francés', 'Charcutería', 'Située dans le hall 6, connue pour ses produits élaborés et ses fromages locaux.'),
(213, 54, 'es', 'Español', 'Carnicería', 'Carnicería ubicada en la nave 6, destaca por sus chorizos, cerdo y ternera de calidad.'),
(214, 54, 'gl', 'Gallego', 'Carnicería', 'Carnicería ubicada na nave 6, destaca polos seus chourizos, porco e tenreira de calidade.'),
(215, 54, 'en', 'Inglés', 'Butcher', 'Butcher shop located in hall 6, known for its sausages, pork, and quality veal.'),
(216, 54, 'fr', 'Francés', 'Carnicería', 'Boucherie située dans le hall 6, connue pour ses chorizos, son porc et son bœuf de qualité.'),
(217, 55, 'es', 'Español', 'Panadería', 'Sus especialidades son las empanadas y la tarta de almendra.'),
(218, 55, 'gl', 'Gallego', 'Panadería', 'As súas especialidades son as empanadas e a tarta de améndoa.'),
(219, 55, 'en', 'Inglés', 'Bread and Sweets', 'Specializes in empanadas and almond cake.'),
(220, 55, 'fr', 'Francés', 'Panadería', 'Empanadas et gâteau aux amandes.'),
(221, 56, 'es', 'Español', 'Cocedero', 'Especialidad en navajas y zamburiñas a la plancha.'),
(222, 56, 'gl', 'Gallego', 'Cocedero', 'Especialidade en navallas e zamburiñas á prancha.'),
(223, 56, 'en', 'Inglés', '', 'Specializes in razor clams and grilled scallops.'),
(224, 56, 'fr', 'Francés', 'Cocedero', 'Spécialité en couteaux et pétoncles grillés.'),
(225, 57, 'es', 'Español', 'Peixería', 'Pescado fresco y de la ría como su mayor atractivo.'),
(226, 57, 'gl', 'Gallego', 'Peixería', 'Peixe fresco e da ría coma o seu maior atractivo.'),
(227, 57, 'en', 'Inglés', 'Fish and seafood', 'Fresh fish and estuary fish as its main attraction.'),
(228, 57, 'fr', 'Francés', 'Peixería', 'Poisson frais et de l\'estuaire.'),
(229, 58, 'es', 'Español', 'Peixería', 'Pescado fresco del día como su mayor atractivo.'),
(230, 58, 'gl', 'Gallego', 'Peixería', 'Peixe fresco do día como o seu maior atractivo.'),
(231, 58, 'en', 'Inglés', 'Fish and seafood', 'Fresh fish of the day as its main attraction.'),
(232, 58, 'fr', 'Francés', 'Peixería', 'Poisson frais du jour.'),
(233, 59, 'es', 'Español', 'Peixería', 'Localizado en el centro de la nave 3, este puesto ofrece marisco de la ría de excelente calidad.'),
(234, 59, 'gl', 'Gallego', 'Peixería', 'Localizado no centro da nave 3, este posto ofrece marisco da ría de excelente calidade.'),
(235, 59, 'en', 'Inglés', 'Fish and seafood', 'Located in the center of hall 3, this stall offers estuary seafood of excellent quality.'),
(236, 59, 'fr', 'Francés', 'Peixería', 'Fruits de mer de l\'estuaire d\'excellente qualité.'),
(237, 60, 'es', 'Español', 'Conxelados', 'Bacalao, vieiras, mariscos y productos congelados de primera.'),
(238, 60, 'gl', 'Gallego', 'Conxelados', 'Bacallau, vieiras, mariscos e productos conxelados de primeira.'),
(239, 60, 'en', 'Inglés', 'Coz frozen', 'Cod, scallops, seafood, and top-quality frozen products.'),
(240, 60, 'fr', 'Francés', 'Conxelados', 'Morue, coquilles Saint-Jacques, fruits de mer et produits surgelés de première qualité.'),
(241, 61, 'es', 'Español', 'Peixería', 'Pescado y marisco variado que puede encontrarse en la nave 3, cerca de la entrada de la torre.'),
(242, 61, 'gl', 'Gallego', 'Peixería', 'Pescado e marisco variado que pode ser atopado na nave 3, preto da entrada da torre.'),
(243, 61, 'en', 'Inglés', 'Fish and seafood', 'Varied fish and seafood found in hall 3, near the tower entrance.'),
(244, 61, 'fr', 'Francés', 'Peixería', 'Poisson et fruits de mer.'),
(245, 62, 'es', 'Español', 'Peixería', 'Se destacan por ser productores propios de almeja de Carril.'),
(246, 62, 'gl', 'Gallego', 'Peixería', 'Se destacan por ser productores propios de ameixa de Carril.'),
(247, 62, 'en', 'Inglés', 'Fish and seafood', 'Known for being producers of Carril clams.'),
(248, 62, 'fr', 'Francés', 'Peixería', 'Producteurs d\'huîtres de Carril.'),
(249, 63, 'es', 'Español', 'Peixería', 'Destacan entre toda su variedad de productos las navajas, mejillones, berberechos y almejas.'),
(250, 63, 'gl', 'Gallego', 'Peixería', 'Destaca de entre toda a súa varieade de produtos as navallas, mexillóns, berberechos e ameixas.'),
(251, 63, 'en', 'Inglés', 'Fish and seafood', 'Stands out among its variety of products for razor clams, mussels, clams, and cockles.'),
(252, 63, 'fr', 'Francés', 'Peixería', 'Couteaux, moules, coques et palourdes.'),
(253, 64, 'es', 'Español', 'Peixería', 'La centolla y nécora de la ría son sus productos destacados.'),
(254, 64, 'gl', 'Gallego', 'Peixería', 'A centola e nécora da ría son os seus produtos destacados.'),
(255, 64, 'en', 'Inglés', 'Fish and seafood', 'Notable for its spider crab and brown crab from the estuary.'),
(256, 64, 'fr', 'Francés', 'Peixería', 'Crabe royal et étrille de l\'estuaire.'),
(257, 65, 'es', 'Español', 'Peixería', 'Puesto ubicado en la parte central de la nave 8, ofreciendo pescado de primera calidad.'),
(258, 65, 'gl', 'Gallego', 'Peixería', 'Posto ubicado na parte central da nave 8, ofreciendo pescado de primeira calidade.'),
(259, 65, 'en', 'Inglés', 'Fish and seafood', 'Stall located in the central part of hall 8, offering first-quality fish.'),
(260, 65, 'fr', 'Francés', 'Peixería', 'Poisson de première qualité.'),
(261, 66, 'es', 'Español', 'Peixería', 'Localizado en el centro exacto de la nave 3, ofrece pescados y mariscos de la ría capturados en el día.'),
(262, 66, 'gl', 'Gallego', 'Peixería', 'Localizado no centro exacto da nave 3, ofrece pescados e mariscos da ría capturados no día.'),
(263, 66, 'en', 'Inglés', 'Fish and seafood', 'Located in the exact center of hall 3, offers fish and seafood from the estuary caught on the day.'),
(264, 66, 'fr', 'Francés', 'Peixería', 'Poissons et fruits de mer de l\'estuaire, capturés le jour même.'),
(265, 67, 'es', 'Español', 'Peixería', 'Puesto especializado en mejillones que se encuentra en el centro de la nave 3.'),
(266, 67, 'gl', 'Gallego', 'Peixería', 'Posto especializados en mexillóns que se atopa no centro da nave 3.'),
(267, 67, 'en', 'Inglés', 'Fish and seafood', 'Specialized in mussels, located in the center of hall 3.'),
(268, 67, 'fr', 'Francés', 'Peixería', 'Spécialistes des moules.'),
(269, 68, 'es', 'Español', 'Peixería', 'Calamares de la ría y choco de Cambados como especialidades.'),
(270, 68, 'gl', 'Gallego', 'Peixería', 'Calamares da ría e choco de Cambados como especialidades.'),
(271, 68, 'en', 'Inglés', 'Fish and seafood', 'Squid from the estuary and choco from Cambados as specialties.'),
(272, 68, 'fr', 'Francés', 'Peixería', 'Calmars de l\'estuaire et seiche de Cambados comme spécialités.'),
(273, 69, 'es', 'Español', 'Peixería', 'Situado cerca de la entrada de la nave 3, su especialidad es el pescado como los jureles y rubios.'),
(274, 69, 'gl', 'Gallego', 'Peixería', 'Situado preto da entrada da nave 3, a súa especialidade atópase en pescado como os xurelos e rapantes.'),
(275, 69, 'en', 'Inglés', 'Fish and seafood', 'Located near the entrance of hall 3, its specialty is fish such as mackerel and scad.'),
(276, 69, 'fr', 'Francés', 'Peixería', 'Spécialité en maquereaux et rapantes.'),
(277, 70, 'es', 'Español', 'Peixería', 'Percebes de la Costa da Morte, cigala viva y pescado del pincho.'),
(278, 70, 'gl', 'Gallego', 'Peixería', 'Percebes da Costa da Morte, cigala viva e peixe do pincho.'),
(279, 70, 'en', 'Inglés', 'Fish and seafood', 'Gooseneck barnacles from the Costa da Morte, live langoustine, and pincho fish.'),
(280, 70, 'fr', 'Francés', 'Peixería', 'Pousse-pieds de la Costa da Morte, langoustines vivantes et poisson du pincho.'),
(281, 71, 'es', 'Español', 'Polos', 'Sus productos estrella son la codorniz y el picantón.'),
(282, 71, 'gl', 'Gallego', 'Polos', 'Os seus produtos estrella son a codorniz e o picantón.'),
(283, 71, 'en', 'Inglés', 'Butcher', 'Specializes in quail and poussin.'),
(284, 71, 'fr', 'Francés', 'Polos', 'Caille et coquelet.'),
(285, 72, 'es', 'Español', 'Ecolóxico', 'Ubicado en la nave 7, es una carnicería ecológica que trabaja razas autóctonas gallegas.'),
(286, 72, 'gl', 'Gallego', 'Ecolóxico', 'Ubicado na nave 7, trátase dunha carnicería ecolóxica que traballa razas autóctonas galegas.'),
(287, 72, 'en', 'Inglés', 'Vegetables and organics', 'Located in Hall 7, an organic butchery working with native Galician breeds.'),
(288, 72, 'fr', 'Francés', 'Ecolóxico', 'Boucherie bio, races locales galiciennes.'),
(289, 73, 'es', 'Español', 'Ecolóxico', 'Productos de la huerta de producción ecológica.'),
(290, 73, 'gl', 'Gallego', 'Ecolóxico', 'Productos da horta de produción ecolóxica.'),
(291, 73, 'en', 'Inglés', 'Vegetables and organics', 'Organic garden produce.'),
(292, 73, 'fr', 'Francés', 'Ecolóxico', 'Produits du jardin, production biologique.'),
(293, 74, 'es', 'Español', 'Carnicería', 'Situada en los puestos 242 y 243 de la nave 7, podemos encontrar carne variada de ternera, cerdo y cordero.'),
(294, 74, 'gl', 'Gallego', 'Carnicería', 'Situada nos postos 242 e 243 da nave 7, podemos atopar carne variada de tenreira, porco e cordeiro.'),
(295, 74, 'en', 'Inglés', 'Butcher', 'Located at stalls 242 and 243 in hall 7, offers a variety of veal, pork, and lamb.'),
(296, 74, 'fr', 'Francés', 'Carnicería', 'Située aux étals 242 et 243 du hall 7, on y trouve une variété de viandes de bœuf, de porc et d’agneau.'),
(297, 75, 'es', 'Español', 'Peixería', 'Pescado de bajura como producto estrella.'),
(298, 75, 'gl', 'Gallego', 'Peixería', 'Pescado de baixura como producto estrela.'),
(299, 75, 'en', 'Inglés', 'Fish and seafood', 'Inshore fish as the star product.'),
(300, 75, 'fr', 'Francés', 'Peixería', 'Poisson de pêche côtière comme spécialité.'),
(301, 76, 'es', 'Español', 'Peixería', 'Pescado fresco de la ría de Ribeira y Arousa.'),
(302, 76, 'gl', 'Gallego', 'Peixería', 'Pescado fresco da ría de Ribeira e Arousa.'),
(303, 76, 'en', 'Inglés', 'Fish and seafood', 'Fresh fish from the estuaries of Ribeira and Arousa.'),
(304, 76, 'fr', 'Francés', 'Peixería', 'Poisson frais de l\'estuaire de Ribeira et d\'Arousa.'),
(305, 77, 'es', 'Español', 'Peixería', 'Situado en el centro de la nave 4, se especializa en productos de la ría de Arousa.'),
(306, 77, 'gl', 'Gallego', 'Peixería', 'Situado no centro da nave 4, especialízase en productos da ría de Arousa.'),
(307, 77, 'en', 'Inglés', 'Fish and seafood', 'Located in the center of hall 4, specializes in products from the Arousa estuary.'),
(308, 77, 'fr', 'Francés', 'Peixería', 'Produits de l\'estuaire d\'Arousa.'),
(309, 78, 'es', 'Español', 'Peixería', 'Ocupando gran parte de la nave 4, ofrece una amplia variedad de pescado en general.'),
(310, 78, 'gl', 'Gallego', 'Peixería', 'Ocupando gran parte da nave 4, ofrece unha ampla variedade de pescado en xeral.'),
(311, 78, 'en', 'Inglés', 'Fish and seafood', 'Occupying a large part of hall 4, offers a wide variety of fish in general.'),
(312, 78, 'fr', 'Francés', 'Peixería', 'Poisson en général.'),
(313, 79, 'es', 'Español', 'Peixería', 'Ocupa la entrada de la nave 4. Destaca su marisco y percebes.'),
(314, 79, 'gl', 'Gallego', 'Peixería', 'Ocupa a entrada da nave 4. Destaca o seu marisco e percebes.'),
(315, 79, 'en', 'Inglés', 'Fish and seafood', 'Occupies the entrance of hall 4. Notable for its seafood and gooseneck barnacles.'),
(316, 79, 'fr', 'Francés', 'Peixería', 'Spécialité de fruits de mer et pousse-pieds.'),
(317, 80, 'es', 'Español', 'Peixería', ''),
(318, 80, 'gl', 'Gallego', 'Peixería', ''),
(319, 80, 'en', 'Inglés', 'Fish and seafood', 'Inshore fish as the star product.'),
(320, 80, 'fr', 'Francés', 'Peixería', 'Poisson de pêche côtière comme spécialité.'),
(321, 81, 'es', 'Español', 'Conxelados', 'Congelados de primera calidad. Mariscos, pescadilla del pincho, pulpo.'),
(322, 81, 'gl', 'Gallego', 'Conxelados', 'Conxelados de primeira calidade. Mariscos, pescada do pincho, polbo.'),
(323, 81, 'en', 'Inglés', 'Coz frozen', 'High-quality frozen goods. Seafood, hake, octopus.'),
(324, 81, 'fr', 'Francés', 'Conxelados', 'Produits surgelés de première qualité. Fruits de mer, merlu du pincho, poulpe.'),
(325, 82, 'es', 'Español', 'Peixería', 'Merluza gallega del pincho del puerto de Celeiro, que se ofrece en un puesto central de la nave 4.'),
(326, 82, 'gl', 'Gallego', 'Peixería', 'Pescada Galega do pincho do porto de Celeiro que se ofrece nun posto central da nave 4.'),
(327, 82, 'en', 'Inglés', 'Fish and seafood', 'Galician hake from the Celeiro port offered at a central stall in hall 4.'),
(328, 82, 'fr', 'Francés', 'Peixería', 'Merlu du pincho du port de Celeiro.'),
(329, 83, 'es', 'Español', 'Peixería', 'Pescado directo de la lonja de Boiro en un puesto que se encuentra en el centro exacto de la nave 4.'),
(330, 83, 'gl', 'Gallego', 'Peixería', 'Pescado directo da lonxa de Boiro nun posto que se atopa no centro exacto da nave 4.'),
(331, 83, 'en', 'Inglés', 'Fish and seafood', 'Direct fish from the Boiro fish market at a stall located at the exact center of Hall 4.'),
(332, 83, 'fr', 'Francés', 'Peixería', 'Poisson directement de la criée de Boiro.'),
(333, 84, 'es', 'Español', 'Peixería', 'Puesto ubicado en la parte central de la nave 8, ofreciendo pescado de primera calidad.'),
(334, 84, 'gl', 'Gallego', 'Peixería', 'Posto ubicado na parte central da nave 8, ofreciendo pescado de primeira calidade.'),
(335, 84, 'en', 'Inglés', 'Fish and seafood', 'Stall located in the central part of hall 8, offering first-quality fish.'),
(336, 84, 'fr', 'Francés', 'Peixería', 'Poisson en général, idéal pour toutes sortes de plats.'),
(337, 85, 'es', 'Español', 'Peixería', 'Pescado del día y cocedero que se puede encontrar en la nave 4, ocupando uno de los puestos centrales.'),
(338, 85, 'gl', 'Gallego', 'Peixería', 'Pescado do día e cocedero que se pode atopar na nave 4, ocupando un dos postos centrais da mesa.'),
(339, 85, 'en', 'Inglés', 'Fish and seafood', 'Fish of the day and seafood located in hall 4, occupying one of the central stalls.'),
(340, 85, 'fr', 'Francés', 'Peixería', 'Poisson du jour et écailler.'),
(341, 86, 'es', 'Español', 'Peixería', 'Ubicado en la nave 4, destaca su marisco de alta calidad.'),
(342, 86, 'gl', 'Gallego', 'Peixería', 'Ubicado na nave 4, destaca o seu marisco de alta calidade.'),
(343, 86, 'en', 'Inglés', 'Fish and seafood', 'Located in hall 4, known for its high-quality seafood.'),
(344, 86, 'fr', 'Francés', 'Peixería', 'Fruits de mer de haute qualité.'),
(345, 87, 'es', 'Español', 'Peixería', 'Puesto ubicado cerca de la entrada de la nave 4 que ofrece pescado fresco del día.'),
(346, 87, 'gl', 'Gallego', 'Peixería', 'Posto ubicado preto da entrada da nave 4 que ofrece pescado fresco do día.'),
(347, 87, 'en', 'Inglés', 'Fish and seafood', 'Stall located near the entrance of hall 4 offering fresh fish of the day.'),
(348, 87, 'fr', 'Francés', 'Peixería', 'Poisson frais du jour.'),
(349, 88, 'es', 'Español', 'Peixería', 'Pescado fresco del Atlántico como principal atractivo. Destaca la sardina.'),
(350, 88, 'gl', 'Gallego', 'Peixería', 'Pescado fresco do Atlántico como principal atractivo. Destaca a xouba.'),
(351, 88, 'en', 'Inglés', 'Fish and seafood', 'Fresh Atlantic fish as the main attraction. Notable for sardines.'),
(352, 88, 'fr', 'Francés', 'Peixería', 'Poisson frais de l\'Atlantique, avec un accent sur la sardine.'),
(353, 89, 'es', 'Español', 'Panadería', 'Destaca su pan de maíz, trigo, del país y centeno.'),
(354, 89, 'gl', 'Gallego', 'Panadería', 'Destaca o seu pan de millo, trigo, do país e centeo.'),
(355, 89, 'en', 'Inglés', 'Bread and Sweets', 'Known for its corn, wheat, country bread, and rye.'),
(356, 89, 'fr', 'Francés', 'Panadería', 'Pain de maïs, de blé, du pays et de seigle.'),
(357, 90, 'es', 'Español', 'Carnicería', 'Destacan en su oferta los chorizos caseros, albóndigas y hamburguesas.'),
(358, 90, 'gl', 'Gallego', 'Carnicería', 'Destaca da súa oferta chourizos caseiros, albóndigas e hamburguesas.'),
(359, 90, 'en', 'Inglés', 'Butcher', 'Known for its homemade sausages, meatballs, and hamburgers.'),
(360, 90, 'fr', 'Francés', 'Carnicería', 'Connue pour ses chorizos maison, boulettes de viande et hamburgers.'),
(361, 91, 'es', 'Español', 'Panadería', 'Su producto estrella es la empanada de maíz.'),
(362, 91, 'gl', 'Gallego', 'Panadería', 'O seu producto estrela é a empanada de millo.'),
(363, 91, 'en', 'Inglés', 'Bread and Sweets', 'Its star product is corn empanada.'),
(364, 91, 'fr', 'Francés', 'Panadería', 'Empanada de maïs.'),
(365, 92, 'es', 'Español', 'Charcutería', 'En la nave 8, este puesto ofrece embutidos gallegos con sabores artesanales.'),
(366, 92, 'gl', 'Gallego', 'Charcutería', 'Na nave 8, este posto ofrece embutidos galegos con sabores artesanais.'),
(367, 92, 'en', 'Inglés', 'Delicatessen', 'In hall 8, this stall offers Galician cured meats with artisanal flavors.'),
(368, 92, 'fr', 'Francés', 'Charcutería', 'Située dans le hall 8, proposant des charcuteries galiciennes aux saveurs artisanales.'),
(369, 93, 'es', 'Español', 'Froitas', 'Ubicado en la entrada de la nave 8, destaca por la fruta de temporada y hortalizas de temporada.'),
(370, 93, 'gl', 'Gallego', 'Froitas', 'Ubicado na entrada da nave 8, destaca pola froita de temporada e hortaliza de temporada.'),
(371, 93, 'en', 'Inglés', 'Vegetables and organics', 'Located at the entrance of Hall 8, known for seasonal fruits and vegetables.'),
(372, 93, 'fr', 'Francés', 'Froitas', 'Fruits et légumes de saison.'),
(373, 94, 'es', 'Español', 'Froitas', 'Ubicado en la entrada de la nave 8, destaca por el producto fresco de cosecha propia.'),
(374, 94, 'gl', 'Gallego', 'Froitas', 'Ubicado na entrada da nave 8, destaca polo producto fresco de colleita propia.'),
(375, 94, 'en', 'Inglés', 'Vegetables and organics', 'Located at the entrance of Hall 8, known for fresh produce from its own harvest.'),
(376, 94, 'fr', 'Francés', 'Froitas', 'Fruits et légumes.'),
(377, 95, 'es', 'Español', 'Bacallau', 'Bacalao salado y desalado de primera calidad. Conservas.'),
(378, 95, 'gl', 'Gallego', 'Bacallau', 'Bacallau salado e desalado de primeira calidade. Conservas.'),
(379, 95, 'en', 'Inglés', 'Fish and seafood', 'Salted and desalted cod of the highest quality. Canned goods.'),
(380, 95, 'fr', 'Francés', 'Bacallau', 'Morue salée et dessalée de première qualité. Conserves.'),
(381, 96, 'es', 'Español', 'Peixería', 'Ubicado en la nave 8, el pescado fresco del día es su mayor atractivo.'),
(382, 96, 'gl', 'Gallego', 'Peixería', 'Ubicado na nave 8, o peixe fresco do día é o seu maior atractivo.'),
(383, 96, 'en', 'Inglés', 'Fish and seafood', 'Located in hall 8, fresh fish of the day is its main attraction.'),
(384, 96, 'fr', 'Francés', 'Peixería', 'Poisson frais du jour.'),
(385, 97, 'es', 'Español', 'Carnicería', 'Situada en la nave 8, este puesto trabaja especialmente con carne de cerdo y pollo.'),
(386, 97, 'gl', 'Gallego', 'Carnicería', 'Situada na nave 8, este posto traballa especialmente coa carne de porco e polos.'),
(387, 97, 'en', 'Inglés', 'Butcher', 'Located in hall 8, this stall works especially with pork and poultry.'),
(388, 97, 'fr', 'Francés', 'Carnicería', 'Située dans le hall 8, ce stand travaille principalement avec du porc et du poulet.'),
(389, 98, 'es', 'Español', 'Carnicería', 'Para los amantes de los chicharrones, esta carnicería se encuentra en la nave 8.'),
(390, 98, 'gl', 'Gallego', 'Carnicería', 'Para os amantes dos chicharróns, esta carnicería atópase na nave 8.'),
(391, 98, 'en', 'Inglés', 'Butcher', 'For chicharrón lovers, this butcher shop is located in hall 8.'),
(392, 98, 'fr', 'Francés', 'Carnicería', 'Pour les amateurs de grattons, cette boucherie est située dans le hall 8.'),
(393, 99, 'es', 'Español', 'Froitas', 'Ubicado en la entrada de la nave 8, destaca por su fruta de temporada y verdura.'),
(394, 99, 'gl', 'Gallego', 'Froitas', 'Ubicado na entrada da nave 8, destaca pola súa froita de temporada e verdura.'),
(395, 99, 'en', 'Inglés', 'Vegetables and organics', 'Located at the entrance of Hall 8, known for its seasonal fruits and vegetables.'),
(396, 99, 'fr', 'Francés', 'Froitas', 'Fruits et légumes.'),
(397, 100, 'es', 'Español', 'Froitas', 'Ubicado en la zona exterior del mercado, destacan sus pimientos.'),
(398, 100, 'gl', 'Gallego', 'Froitas', 'Ubicado na zona exterior do mercado, destacan os seus pementos.'),
(399, 100, 'en', 'Inglés', '', 'Located in the market\'s exterior area, known for its peppers.'),
(400, 100, 'fr', 'Francés', 'Froitas', 'Connue pour ses piments.'),
(401, 101, 'es', 'Español', 'Froitas', 'Ubicado en la zona exterior del mercado, destaca por el producto fresco de cosecha propia.'),
(402, 101, 'gl', 'Gallego', 'Froitas', 'Ubicado na zona exterior do mercado, destaca polo producto fresco de colleita propia.'),
(403, 101, 'en', 'Inglés', 'Vegetables and organics', 'Located in the market\'s exterior area, known for fresh produce from its own harvest.'),
(404, 101, 'fr', 'Francés', 'Froitas', 'Produits frais.'),
(405, 102, 'es', 'Español', 'Panadería', 'Ubicado en la zona exterior del mercado, tienen a la venta pan de trigo, maíz y centeno.'),
(406, 102, 'gl', 'Gallego', 'Panadería', 'Ubicado na zona exterior do mercado, teñen á venda pan de trigo, maíz e centeo.'),
(407, 102, 'en', 'Inglés', 'Bread and Sweets', 'Located in the market\'s exterior area, sells wheat, corn, and rye bread.'),
(408, 102, 'fr', 'Francés', 'Panadería', 'Pain de blé, de maïs et de seigle.'),
(409, 103, 'es', 'Español', 'Froitas', 'Naranjas de la ciudad mediterránea de Castellón, en la Costa del Azahar.'),
(410, 103, 'gl', 'Gallego', 'Froitas', 'Laranxas da cidade mediterránea de Castellón, preto da Costa do Azahar.'),
(411, 103, 'en', 'Inglés', 'Vegetables and organics', 'Oranges from the city of Castellón, on the Costa del Azahar by the Mediterranean Sea.'),
(412, 103, 'fr', 'Francés', 'Froitas', 'Oranges de Castellón.'),
(413, 104, 'es', 'Español', 'Panadería', 'Ofrecen como mayor éxito sus cocados y pan de Carral.'),
(414, 104, 'gl', 'Gallego', 'Panadería', 'Ofrecen como maior éxito os seus cocados e pan de Carral.'),
(415, 104, 'en', 'Inglés', 'Bread and Sweets', 'Known for its cocadas and Carral bread.'),
(416, 104, 'fr', 'Francés', 'Panadería', 'Cocados et pain de Carral.'),
(417, 105, 'es', 'Español', 'Ecolóxico', 'Verduras ecológicas de la mejor calidad ubicado en la zona exterior del mercado.'),
(418, 105, 'gl', 'Gallego', 'Ecolóxico', 'Verduras ecolóxicas da mellor calidade ubicado na zona exterior do mercado.'),
(419, 105, 'en', 'Inglés', 'Vegetables and organics', 'Organic vegetables of the highest quality located in the market\'s exterior area.'),
(420, 105, 'fr', 'Francés', 'Ecolóxico', 'Légumes bio de la meilleure qualité.'),
(421, 106, 'es', 'Español', 'Froitas', 'Ubicado en la zona exterior del mercado, destaca por el producto fresco de cosecha propia.'),
(422, 106, 'gl', 'Gallego', 'Froitas', 'Ubicado na zona exterior do mercado, destaca polo producto fresco de colleita propia.'),
(423, 106, 'en', 'Inglés', '', 'Located in the market\'s exterior area, known for fresh produce from its own harvest.'),
(424, 106, 'fr', 'Francés', 'Froitas', 'Produits du jardin.'),
(425, 107, 'es', 'Español', 'Bacallau', 'Bacalao en lomos de calidad premium. Conservas y vinos.'),
(426, 107, 'gl', 'Gallego', 'Bacallau', 'Bacallau en lomos de calidade premium. Conservas e viños.'),
(427, 107, 'en', 'Inglés', 'Restaurants', 'Premium quality cod loins. Canned goods and wines.'),
(428, 107, 'fr', 'Francés', 'Bacallau', 'Morue en filets de qualité premium. Conserves et vins.'),
(429, 108, 'es', 'Español', 'Froitas', 'Ubicado en la zona exterior del mercado, vende especialmente pimientos de Padrón y tomates.'),
(430, 108, 'gl', 'Gallego', 'Froitas', 'Ubicado na zona exterior do mercado, vende especialmente pementos de Padrón e tomates.'),
(431, 108, 'en', 'Inglés', 'Vegetables and organics', 'Located in the market\'s exterior area, sells mainly Padrón peppers and tomatoes.'),
(432, 108, 'fr', 'Francés', 'Froitas', 'Piments de Padrón, tomates.'),
(433, 109, 'es', 'Español', 'Froitas', 'Ubicado en la zona exterior del mercado, destaca por los productos de cosecha propia.'),
(434, 109, 'gl', 'Gallego', 'Froitas', 'Ubicado na zona exterior do mercado, destaca polos productos de colleita propia.'),
(435, 109, 'en', 'Inglés', '', 'Located in the market\'s exterior area, known for its own harvest produce.'),
(436, 109, 'fr', 'Francés', 'Froitas', 'Produits de production propre.'),
(437, 110, 'es', 'Español', 'Froitas', 'Ubicado en la zona exterior del mercado, destaca por el producto fresco de cosecha propia.'),
(438, 110, 'gl', 'Gallego', 'Froitas', 'Ubicado na zona exterior do mercado, destaca polo producto fresco de colleita propia.'),
(439, 110, 'en', 'Inglés', '', 'Located in the market\'s exterior area, known for fresh produce from its own harvest.'),
(440, 110, 'fr', 'Francés', 'Froitas', 'Fruits d\'une grande fraîcheur.'),
(441, 111, 'es', 'Español', 'Froitas', 'Ubicado en la zona exterior del mercado, destaca por sus patatas y verduras de producción propia.'),
(442, 111, 'gl', 'Gallego', 'Froitas', 'Ubicado na zona exterior do mercado, destaca polas súas patacas e verduras de produción propia.'),
(443, 111, 'en', 'Inglés', '', 'Located in the market\'s exterior area, known for its potatoes and vegetables from its own production.'),
(444, 111, 'fr', 'Francés', 'Froitas', 'Pommes de terre et légumes de production propre.'),
(445, 112, 'es', 'Español', 'Ecolóxico', 'Ubicado en la zona exterior del mercado, ofrecen productos nacionales, ecológicos y frescos.'),
(446, 112, 'gl', 'Gallego', 'Ecolóxico', 'Ubicado na zona exterior do mercado, ofrecen productos nacionais, ecolóxicos e frescos.'),
(447, 112, 'en', 'Inglés', 'Restaurants', 'Located in the market\'s exterior area, offers national, organic, and fresh products.'),
(448, 112, 'fr', 'Francés', 'Ecolóxico', 'Produits nationaux, bio et frais.'),
(449, 113, 'es', 'Español', 'Froitas', ''),
(450, 113, 'gl', 'Gallego', 'Froitas', ''),
(451, 113, 'en', 'Inglés', '', ''),
(452, 113, 'fr', 'Francés', 'Froitas', ''),
(453, 114, 'es', 'Español', 'Froitas', 'Situado en la zona central del mercado, al lado de la torre, destaca por sus patatas y productos de calidad gallega.'),
(454, 114, 'gl', 'Gallego', 'Froitas', 'Sito na zona central do mercado, a carón da torre, destaca polas súas patacas e productos de calidade galega.'),
(455, 114, 'en', 'Inglés', 'Vegetables and organics', 'Located in the central area of the market, next to the tower, known for its potatoes and Galician quality products.'),
(456, 114, 'fr', 'Francés', 'Froitas', 'Pommes de terre galiciennes de qualité.'),
(457, 115, 'es', 'Español', 'Viñoteca', 'Vinos gallegos y tienda de degustación.'),
(458, 115, 'gl', 'Gallego', 'Viñoteca', 'Viños galegos e tenda degustación.'),
(459, 115, 'en', 'Inglés', 'Restaurants', 'Galician wines and tasting shop.'),
(460, 115, 'fr', 'Francés', 'Viñoteca', 'Vins galiciens et boutique de dégustation.'),
(461, 116, 'es', 'Español', 'Froitas', 'Ubicado en la zona central del mercado, al lado de la torre. Ofrece productos de temporada.'),
(462, 116, 'gl', 'Gallego', 'Froitas', 'Ubicado na zona central do mercado, a carón da torre. Ofrece productos de temporada.'),
(463, 116, 'en', 'Inglés', 'Restaurants', 'Located in the central area of the market, next to the tower. Offers seasonal products.'),
(464, 116, 'fr', 'Francés', 'Froitas', 'Produits de saison.'),
(465, 117, 'es', 'Español', 'Froitas/Jamones', 'Uno de los puestos de la zona central de la plaza, cerca de la torre. Se especializa en jamón y carne de origen en Lugo.'),
(466, 117, 'gl', 'Gallego', 'Froitas/Jamones', 'Un dos postos da zona central da praza, a carón da torre. Especialízase en xamón e carne de orixe en Lugo.'),
(467, 117, 'en', 'Inglés', 'Restaurants', ''),
(468, 117, 'fr', 'Francés', 'Froitas/Jamones', 'Située dans la zone centrale de la place, près de la tour, spécialisée dans le jambon et la viande de Lugo.'),
(469, 118, 'es', 'Español', 'Froitas', 'Situado en la zona central del mercado, al lado de la torre, destaca por sus patatas y productos de calidad gallega.'),
(470, 118, 'gl', 'Gallego', 'Froitas', 'Sito na zona central do mercado, a carón da torre, destaca polas súas patacas e productos de calidade galega.'),
(471, 118, 'en', 'Inglés', 'Handicraft', 'Located in the central area of the market, next to the tower, known for its potatoes and Galician quality products.'),
(472, 118, 'fr', 'Francés', 'Froitas', 'Pommes de terre et produits galiciens de qualité.'),
(473, 119, 'es', 'Español', 'Panadería', 'Oferta de productos sin gluten, artesanales y ecológicos.'),
(474, 119, 'gl', 'Gallego', 'Panadería', 'Oferta de productos sen gluten, artesanais e ecolóxicos.'),
(475, 119, 'en', 'Inglés', 'Bread and Sweets', 'Offers gluten-free, artisanal, and organic products.'),
(476, 119, 'fr', 'Francés', 'Panadería', 'Produits sans gluten, artisanaux et bio.'),
(477, 120, 'es', 'Español', 'Flores', 'Floristería ubicada en la zona central del mercado, al lado de la torre del reloj.'),
(478, 120, 'gl', 'Gallego', 'Flores', 'Floraría ubicada na zona central do mercado, a carón da torre do reloxo.'),
(479, 120, 'en', 'Inglés', 'Flowers', 'Florist located in the central area of the market, next to the clock tower.'),
(480, 120, 'fr', 'Francés', 'Flores', 'Camélias pour décorer n\'importe quel espace.'),
(481, 121, 'es', 'Español', '', ''),
(482, 121, 'gl', 'Gallego', '', ''),
(483, 121, 'en', 'Inglés', '', ''),
(484, 121, 'fr', 'Francés', '', ''),
(489, 123, 'es', 'Español', '', ''),
(490, 123, 'gl', 'Gallego', '', ''),
(491, 123, 'en', 'Inglés', '', ''),
(492, 123, 'fr', 'Francés', '', ''),
(493, 124, 'es', 'Español', '', ''),
(494, 124, 'gl', 'Gallego', '', ''),
(495, 124, 'en', 'Inglés', '', ''),
(496, 124, 'fr', 'Francés', '', ''),
(497, 125, 'es', 'Español', '', ''),
(498, 125, 'gl', 'Gallego', '', ''),
(499, 125, 'en', 'Inglés', '', ''),
(500, 125, 'fr', 'Francés', '', ''),
(521, 131, 'es', 'Español', '', ''),
(522, 131, 'gl', 'Gallego', '', ''),
(523, 131, 'en', 'Inglés', 'Butcher', ''),
(524, 131, 'fr', 'Francés', '', ''),
(525, 132, 'es', 'Español', '', ''),
(526, 132, 'gl', 'Gallego', '', ''),
(527, 132, 'en', 'Inglés', 'Butcher', ''),
(528, 132, 'fr', 'Francés', '', ''),
(609, 153, 'es', 'Español', '', ''),
(610, 153, 'gl', 'Gallego', '', ''),
(611, 153, 'en', 'Inglés', '', ''),
(612, 153, 'fr', 'Francés', '', ''),
(617, 155, 'es', 'Español', '', ''),
(618, 155, 'gl', 'Gallego', '', ''),
(619, 155, 'en', 'Inglés', '', ''),
(620, 155, 'fr', 'Francés', '', ''),
(621, 156, 'es', 'Español', '', ''),
(622, 156, 'gl', 'Gallego', '', ''),
(623, 156, 'en', 'Inglés', '', ''),
(624, 156, 'fr', 'Francés', '', ''),
(625, 157, 'es', 'Español', '', ''),
(626, 157, 'gl', 'Gallego', '', ''),
(627, 157, 'en', 'Inglés', '', ''),
(628, 157, 'fr', 'Francés', '', ''),
(629, 158, 'es', 'Español', '', ''),
(630, 158, 'gl', 'Gallego', '', ''),
(631, 158, 'en', 'Inglés', '', ''),
(632, 158, 'fr', 'Francés', '', ''),
(637, 160, 'es', 'Español', '', ''),
(638, 160, 'gl', 'Gallego', '', ''),
(639, 160, 'en', 'Inglés', '', ''),
(640, 160, 'fr', 'Francés', '', ''),
(641, 161, 'es', 'Español', '', ''),
(642, 161, 'gl', 'Gallego', '', ''),
(643, 161, 'en', 'Inglés', '', ''),
(644, 161, 'fr', 'Francés', '', ''),
(645, 162, 'es', 'Español', '', ''),
(646, 162, 'gl', 'Gallego', '', ''),
(647, 162, 'en', 'Inglés', '', ''),
(648, 162, 'fr', 'Francés', '', ''),
(653, 164, 'es', 'Español', '', ''),
(654, 164, 'gl', 'Gallego', '', ''),
(655, 164, 'en', 'Inglés', '', ''),
(656, 164, 'fr', 'Francés', '', ''),
(657, 165, 'es', 'Español', '', ''),
(658, 165, 'gl', 'Gallego', '', ''),
(659, 165, 'en', 'Inglés', '', ''),
(660, 165, 'fr', 'Francés', '', ''),
(665, 167, 'es', 'Español', '', ''),
(666, 167, 'gl', 'Gallego', '', ''),
(667, 167, 'en', 'Inglés', '', ''),
(668, 167, 'fr', 'Francés', '', ''),
(669, 168, 'es', 'Español', '', ''),
(670, 168, 'gl', 'Gallego', '', ''),
(671, 168, 'en', 'Inglés', '', ''),
(672, 168, 'fr', 'Francés', '', ''),
(673, 169, 'es', 'Español', '', ''),
(674, 169, 'gl', 'Gallego', '', ''),
(675, 169, 'en', 'Inglés', '', ''),
(676, 169, 'fr', 'Francés', '', ''),
(681, 171, 'es', 'Español', '', ''),
(682, 171, 'gl', 'Gallego', '', ''),
(683, 171, 'en', 'Inglés', '', ''),
(684, 171, 'fr', 'Francés', '', ''),
(685, 172, 'es', 'Español', '', ''),
(686, 172, 'gl', 'Gallego', '', ''),
(687, 172, 'en', 'Inglés', '', ''),
(688, 172, 'fr', 'Francés', '', ''),
(693, 174, 'es', 'Español', '', ''),
(694, 174, 'gl', 'Gallego', '', ''),
(695, 174, 'en', 'Inglés', '', ''),
(696, 174, 'fr', 'Francés', '', ''),
(697, 175, 'es', 'Español', '', ''),
(698, 175, 'gl', 'Gallego', '', ''),
(699, 175, 'en', 'Inglés', '', ''),
(700, 175, 'fr', 'Francés', '', ''),
(701, 176, 'es', 'Español', '', ''),
(702, 176, 'gl', 'Gallego', '', ''),
(703, 176, 'en', 'Inglés', '', ''),
(704, 176, 'fr', 'Francés', '', ''),
(705, 177, 'es', 'Español', '', ''),
(706, 177, 'gl', 'Gallego', '', ''),
(707, 177, 'en', 'Inglés', '', ''),
(708, 177, 'fr', 'Francés', '', ''),
(709, 178, 'es', 'Español', '', ''),
(710, 178, 'gl', 'Gallego', '', ''),
(711, 178, 'en', 'Inglés', '', ''),
(712, 178, 'fr', 'Francés', '', ''),
(717, 180, 'es', 'Español', '', ''),
(718, 180, 'gl', 'Gallego', '', ''),
(719, 180, 'en', 'Inglés', '', ''),
(720, 180, 'fr', 'Francés', '', ''),
(721, 181, 'es', 'Español', '', ''),
(722, 181, 'gl', 'Gallego', '', ''),
(723, 181, 'en', 'Inglés', '', ''),
(724, 181, 'fr', 'Francés', '', ''),
(725, 182, 'es', 'Español', '', ''),
(726, 182, 'gl', 'Gallego', '', ''),
(727, 182, 'en', 'Inglés', '', ''),
(728, 182, 'fr', 'Francés', '', ''),
(733, 184, 'es', 'Español', '', ''),
(734, 184, 'gl', 'Gallego', '', ''),
(735, 184, 'en', 'Inglés', '', ''),
(736, 184, 'fr', 'Francés', '', ''),
(737, 185, 'es', 'Español', '', ''),
(738, 185, 'gl', 'Gallego', '', ''),
(739, 185, 'en', 'Inglés', '', ''),
(740, 185, 'fr', 'Francés', '', ''),
(741, 186, 'es', 'Español', '', ''),
(742, 186, 'gl', 'Gallego', '', ''),
(743, 186, 'en', 'Inglés', '', ''),
(744, 186, 'fr', 'Francés', '', ''),
(745, 187, 'es', 'Español', '', ''),
(746, 187, 'gl', 'Gallego', '', ''),
(747, 187, 'en', 'Inglés', '', ''),
(748, 187, 'fr', 'Francés', '', ''),
(749, 188, 'es', 'Español', '', ''),
(750, 188, 'gl', 'Gallego', '', ''),
(751, 188, 'en', 'Inglés', '', ''),
(752, 188, 'fr', 'Francés', '', ''),
(753, 189, 'es', 'Español', '', ''),
(754, 189, 'gl', 'Gallego', '', ''),
(755, 189, 'en', 'Inglés', '', ''),
(756, 189, 'fr', 'Francés', '', ''),
(757, 190, 'es', 'Español', '', ''),
(758, 190, 'gl', 'Gallego', '', ''),
(759, 190, 'en', 'Inglés', '', ''),
(760, 190, 'fr', 'Francés', '', ''),
(761, 191, 'es', 'Español', '', ''),
(762, 191, 'gl', 'Gallego', '', ''),
(763, 191, 'en', 'Inglés', '', ''),
(764, 191, 'fr', 'Francés', '', ''),
(765, 192, 'es', 'Español', '', ''),
(766, 192, 'gl', 'Gallego', '', ''),
(767, 192, 'en', 'Inglés', '', ''),
(768, 192, 'fr', 'Francés', '', ''),
(769, 193, 'es', 'Español', '', ''),
(770, 193, 'gl', 'Gallego', '', ''),
(771, 193, 'en', 'Inglés', '', ''),
(772, 193, 'fr', 'Francés', '', ''),
(773, 194, 'es', 'Español', '', ''),
(774, 194, 'gl', 'Gallego', '', ''),
(775, 194, 'en', 'Inglés', '', ''),
(776, 194, 'fr', 'Francés', '', ''),
(777, 195, 'es', 'Español', '', ''),
(778, 195, 'gl', 'Gallego', '', ''),
(779, 195, 'en', 'Inglés', '', ''),
(780, 195, 'fr', 'Francés', '', '');
INSERT INTO `puestos_traducciones` (`id`, `puesto_id`, `codigo_idioma`, `nombre_idioma`, `tipo`, `descripcion`) VALUES
(781, 196, 'es', 'Español', '', ''),
(782, 196, 'gl', 'Gallego', '', ''),
(783, 196, 'en', 'Inglés', '', ''),
(784, 196, 'fr', 'Francés', '', ''),
(785, 197, 'es', 'Español', '', ''),
(786, 197, 'gl', 'Gallego', '', ''),
(787, 197, 'en', 'Inglés', '', ''),
(788, 197, 'fr', 'Francés', '', ''),
(789, 198, 'es', 'Español', '', ''),
(790, 198, 'gl', 'Gallego', '', ''),
(791, 198, 'en', 'Inglés', '', ''),
(792, 198, 'fr', 'Francés', '', ''),
(793, 199, 'es', 'Español', '', ''),
(794, 199, 'gl', 'Gallego', '', ''),
(795, 199, 'en', 'Inglés', '', ''),
(796, 199, 'fr', 'Francés', '', ''),
(873, 219, 'es', 'Español', '', ''),
(874, 219, 'gl', 'Gallego', '', ''),
(875, 219, 'en', 'Inglés', '', ''),
(876, 219, 'fr', 'Francés', '', ''),
(877, 220, 'es', 'Español', '', ''),
(878, 220, 'gl', 'Gallego', '', ''),
(879, 220, 'en', 'Inglés', '', ''),
(880, 220, 'fr', 'Francés', '', ''),
(881, 221, 'es', 'Español', '', ''),
(882, 221, 'gl', 'Gallego', '', ''),
(883, 221, 'en', 'Inglés', '', ''),
(884, 221, 'fr', 'Francés', '', ''),
(889, 223, 'es', 'Español', '', ''),
(890, 223, 'gl', 'Gallego', '', ''),
(891, 223, 'en', 'Inglés', '', ''),
(892, 223, 'fr', 'Francés', '', ''),
(893, 224, 'es', 'Español', '', ''),
(894, 224, 'gl', 'Gallego', '', ''),
(895, 224, 'en', 'Inglés', '', ''),
(896, 224, 'fr', 'Francés', '', ''),
(897, 225, 'es', 'Español', '', ''),
(898, 225, 'gl', 'Gallego', '', ''),
(899, 225, 'en', 'Inglés', '', ''),
(900, 225, 'fr', 'Francés', '', ''),
(901, 226, 'es', 'Español', '', ''),
(902, 226, 'gl', 'Gallego', '', ''),
(903, 226, 'en', 'Inglés', '', ''),
(904, 226, 'fr', 'Francés', '', ''),
(909, 228, 'es', 'Español', '', ''),
(910, 228, 'gl', 'Gallego', '', ''),
(911, 228, 'en', 'Inglés', '', ''),
(912, 228, 'fr', 'Francés', '', ''),
(913, 229, 'es', 'Español', '', ''),
(914, 229, 'gl', 'Gallego', '', ''),
(915, 229, 'en', 'Inglés', '', ''),
(916, 229, 'fr', 'Francés', '', ''),
(917, 230, 'es', 'Español', '', ''),
(918, 230, 'gl', 'Gallego', '', ''),
(919, 230, 'en', 'Inglés', '', ''),
(920, 230, 'fr', 'Francés', '', ''),
(921, 231, 'es', 'Español', '', ''),
(922, 231, 'gl', 'Gallego', '', ''),
(923, 231, 'en', 'Inglés', '', ''),
(924, 231, 'fr', 'Francés', '', ''),
(925, 232, 'es', 'Español', '', ''),
(926, 232, 'gl', 'Gallego', '', ''),
(927, 232, 'en', 'Inglés', '', ''),
(928, 232, 'fr', 'Francés', '', ''),
(929, 233, 'es', 'Español', '', ''),
(930, 233, 'gl', 'Gallego', '', ''),
(931, 233, 'en', 'Inglés', '', ''),
(932, 233, 'fr', 'Francés', '', ''),
(933, 234, 'es', 'Español', '', ''),
(934, 234, 'gl', 'Gallego', '', ''),
(935, 234, 'en', 'Inglés', '', ''),
(936, 234, 'fr', 'Francés', '', ''),
(937, 235, 'es', 'Español', '', ''),
(938, 235, 'gl', 'Gallego', '', ''),
(939, 235, 'en', 'Inglés', '', ''),
(940, 235, 'fr', 'Francés', '', ''),
(941, 236, 'es', 'Español', '', ''),
(942, 236, 'gl', 'Gallego', '', ''),
(943, 236, 'en', 'Inglés', '', ''),
(944, 236, 'fr', 'Francés', '', ''),
(945, 237, 'es', 'Español', '', ''),
(946, 237, 'gl', 'Gallego', '', ''),
(947, 237, 'en', 'Inglés', '', ''),
(948, 237, 'fr', 'Francés', '', ''),
(949, 238, 'es', 'Español', '', ''),
(950, 238, 'gl', 'Gallego', '', ''),
(951, 238, 'en', 'Inglés', '', ''),
(952, 238, 'fr', 'Francés', '', ''),
(953, 239, 'es', 'Español', '', ''),
(954, 239, 'gl', 'Gallego', '', ''),
(955, 239, 'en', 'Inglés', '', ''),
(956, 239, 'fr', 'Francés', '', ''),
(957, 240, 'es', 'Español', '', ''),
(958, 240, 'gl', 'Gallego', '', ''),
(959, 240, 'en', 'Inglés', '', ''),
(960, 240, 'fr', 'Francés', '', ''),
(961, 241, 'es', 'Español', '', ''),
(962, 241, 'gl', 'Gallego', '', ''),
(963, 241, 'en', 'Inglés', '', ''),
(964, 241, 'fr', 'Francés', '', ''),
(969, 243, 'es', 'Español', '', ''),
(970, 243, 'gl', 'Gallego', '', ''),
(971, 243, 'en', 'Inglés', '', ''),
(972, 243, 'fr', 'Francés', '', ''),
(973, 244, 'es', 'Español', '', ''),
(974, 244, 'gl', 'Gallego', '', ''),
(975, 244, 'en', 'Inglés', '', ''),
(976, 244, 'fr', 'Francés', '', ''),
(977, 245, 'es', 'Español', '', ''),
(978, 245, 'gl', 'Gallego', '', ''),
(979, 245, 'en', 'Inglés', '', ''),
(980, 245, 'fr', 'Francés', '', ''),
(981, 246, 'es', 'Español', '', ''),
(982, 246, 'gl', 'Gallego', '', ''),
(983, 246, 'en', 'Inglés', '', ''),
(984, 246, 'fr', 'Francés', '', ''),
(985, 247, 'es', 'Español', '', ''),
(986, 247, 'gl', 'Gallego', '', ''),
(987, 247, 'en', 'Inglés', '', ''),
(988, 247, 'fr', 'Francés', '', ''),
(989, 248, 'es', 'Español', '', ''),
(990, 248, 'gl', 'Gallego', '', ''),
(991, 248, 'en', 'Inglés', '', ''),
(992, 248, 'fr', 'Francés', '', ''),
(993, 249, 'es', 'Español', '', ''),
(994, 249, 'gl', 'Gallego', '', ''),
(995, 249, 'en', 'Inglés', '', ''),
(996, 249, 'fr', 'Francés', '', ''),
(997, 250, 'es', 'Español', '', ''),
(998, 250, 'gl', 'Gallego', '', ''),
(999, 250, 'en', 'Inglés', '', ''),
(1000, 250, 'fr', 'Francés', '', ''),
(1001, 251, 'es', 'Español', '', ''),
(1002, 251, 'gl', 'Gallego', '', ''),
(1003, 251, 'en', 'Inglés', '', ''),
(1004, 251, 'fr', 'Francés', '', ''),
(1005, 252, 'es', 'Español', '', ''),
(1006, 252, 'gl', 'Gallego', '', ''),
(1007, 252, 'en', 'Inglés', '', ''),
(1008, 252, 'fr', 'Francés', '', ''),
(1169, 293, 'es', 'Español', '', ''),
(1170, 293, 'gl', 'Gallego', '', ''),
(1171, 293, 'en', 'Inglés', '', ''),
(1172, 293, 'fr', 'Francés', '', ''),
(1173, 294, 'es', 'Español', '', ''),
(1174, 294, 'gl', 'Gallego', '', ''),
(1175, 294, 'en', 'Inglés', '', 'Known for its poultry, rabbit, and turkey cutting service.'),
(1176, 294, 'fr', 'Francés', '', ''),
(1177, 295, 'es', 'Español', '', ''),
(1178, 295, 'gl', 'Gallego', '', ''),
(1179, 295, 'en', 'Inglés', '', ''),
(1180, 295, 'fr', 'Francés', '', ''),
(1181, 296, 'es', 'Español', '', 'Destaca por su servicio de despiece de pollo, conejo y pavo.'),
(1182, 296, 'gl', 'Gallego', '', 'Destaca polo seu servizo de despiece de polo, coello e pavo.'),
(1183, 296, 'en', 'Inglés', '', ''),
(1184, 296, 'fr', 'Francés', '', 'Découpe de poulet, lapin et dinde.'),
(1185, 297, 'es', 'Español', '', ''),
(1186, 297, 'gl', 'Gallego', '', ''),
(1187, 297, 'en', 'Inglés', '', ''),
(1188, 297, 'fr', 'Francés', '', ''),
(1189, 298, 'es', 'Español', '', ''),
(1190, 298, 'gl', 'Gallego', '', ''),
(1191, 298, 'en', 'Inglés', '', ''),
(1192, 298, 'fr', 'Francés', '', ''),
(1197, 300, 'es', 'Español', '', ''),
(1198, 300, 'gl', 'Gallego', '', ''),
(1199, 300, 'en', 'Inglés', '', ''),
(1200, 300, 'fr', 'Francés', '', ''),
(1201, 301, 'es', 'Español', '', ''),
(1202, 301, 'gl', 'Gallego', '', ''),
(1203, 301, 'en', 'Inglés', '', ''),
(1204, 301, 'fr', 'Francés', '', ''),
(1205, 302, 'es', 'Español', '', ''),
(1206, 302, 'gl', 'Gallego', '', ''),
(1207, 302, 'en', 'Inglés', '', ''),
(1208, 302, 'fr', 'Francés', '', ''),
(1217, 305, 'es', 'Español', '', ''),
(1218, 305, 'gl', 'Gallego', '', ''),
(1219, 305, 'en', 'Inglés', '', ''),
(1220, 305, 'fr', 'Francés', '', ''),
(1221, 306, 'es', 'Español', '', ''),
(1222, 306, 'gl', 'Gallego', '', ''),
(1223, 306, 'en', 'Inglés', '', ''),
(1224, 306, 'fr', 'Francés', '', ''),
(1225, 307, 'es', 'Español', '', ''),
(1226, 307, 'gl', 'Gallego', '', ''),
(1227, 307, 'en', 'Inglés', '', ''),
(1228, 307, 'fr', 'Francés', '', ''),
(1229, 308, 'es', 'Español', '', ''),
(1230, 308, 'gl', 'Gallego', '', ''),
(1231, 308, 'en', 'Inglés', '', ''),
(1232, 308, 'fr', 'Francés', '', ''),
(1233, 309, 'es', 'Español', '', ''),
(1234, 309, 'gl', 'Gallego', '', ''),
(1235, 309, 'en', 'Inglés', '', ''),
(1236, 309, 'fr', 'Francés', '', ''),
(1241, 311, 'es', 'Español', '', ''),
(1242, 311, 'gl', 'Gallego', '', ''),
(1243, 311, 'en', 'Inglés', '', ''),
(1244, 311, 'fr', 'Francés', '', ''),
(1245, 312, 'es', 'Español', '', ''),
(1246, 312, 'gl', 'Gallego', '', ''),
(1247, 312, 'en', 'Inglés', '', ''),
(1248, 312, 'fr', 'Francés', '', ''),
(1253, 314, 'es', 'Español', '', ''),
(1254, 314, 'gl', 'Gallego', '', ''),
(1255, 314, 'en', 'Inglés', '', ''),
(1256, 314, 'fr', 'Francés', '', ''),
(1257, 315, 'es', 'Español', '', ''),
(1258, 315, 'gl', 'Gallego', '', ''),
(1259, 315, 'en', 'Inglés', '', ''),
(1260, 315, 'fr', 'Francés', '', ''),
(1261, 316, 'es', 'Español', '', ''),
(1262, 316, 'gl', 'Gallego', '', ''),
(1263, 316, 'en', 'Inglés', '', ''),
(1264, 316, 'fr', 'Francés', '', ''),
(1269, 318, 'es', 'Español', '', ''),
(1270, 318, 'gl', 'Gallego', '', ''),
(1271, 318, 'en', 'Inglés', '', ''),
(1272, 318, 'fr', 'Francés', '', ''),
(1273, 319, 'es', 'Español', '', ''),
(1274, 319, 'gl', 'Gallego', '', ''),
(1275, 319, 'en', 'Inglés', '', ''),
(1276, 319, 'fr', 'Francés', '', ''),
(1281, 321, 'es', 'Español', '', ''),
(1282, 321, 'gl', 'Gallego', '', ''),
(1283, 321, 'en', 'Inglés', '', ''),
(1284, 321, 'fr', 'Francés', '', ''),
(1289, 323, 'es', 'Español', '', ''),
(1290, 323, 'gl', 'Gallego', '', ''),
(1291, 323, 'en', 'Inglés', '', ''),
(1292, 323, 'fr', 'Francés', '', ''),
(1297, 325, 'es', 'Español', '', ''),
(1298, 325, 'gl', 'Gallego', '', ''),
(1299, 325, 'en', 'Inglés', '', ''),
(1300, 325, 'fr', 'Francés', '', ''),
(1301, 326, 'es', 'Español', '', ''),
(1302, 326, 'gl', 'Gallego', '', ''),
(1303, 326, 'en', 'Inglés', '', ''),
(1304, 326, 'fr', 'Francés', '', ''),
(1305, 327, 'es', 'Español', '', ''),
(1306, 327, 'gl', 'Gallego', '', ''),
(1307, 327, 'en', 'Inglés', '', ''),
(1308, 327, 'fr', 'Francés', '', ''),
(1309, 328, 'es', 'Español', '', ''),
(1310, 328, 'gl', 'Gallego', '', ''),
(1311, 328, 'en', 'Inglés', '', ''),
(1312, 328, 'fr', 'Francés', '', ''),
(1317, 330, 'es', 'Español', '', ''),
(1318, 330, 'gl', 'Gallego', '', ''),
(1319, 330, 'en', 'Inglés', '', ''),
(1320, 330, 'fr', 'Francés', '', ''),
(1321, 331, 'es', 'Español', '', ''),
(1322, 331, 'gl', 'Gallego', '', ''),
(1323, 331, 'en', 'Inglés', '', ''),
(1324, 331, 'fr', 'Francés', '', ''),
(1325, 332, 'es', 'Español', '', ''),
(1326, 332, 'gl', 'Gallego', '', ''),
(1327, 332, 'en', 'Inglés', '', ''),
(1328, 332, 'fr', 'Francés', '', ''),
(1329, 333, 'es', 'Español', '', ''),
(1330, 333, 'gl', 'Gallego', '', ''),
(1331, 333, 'en', 'Inglés', '', ''),
(1332, 333, 'fr', 'Francés', '', ''),
(1341, 336, 'es', 'Español', '', ''),
(1342, 336, 'gl', 'Gallego', '', ''),
(1343, 336, 'en', 'Inglés', '', ''),
(1344, 336, 'fr', 'Francés', '', ''),
(1413, 354, 'es', 'Español', '', ''),
(1414, 354, 'gl', 'Gallego', '', ''),
(1415, 354, 'en', 'Inglés', '', ''),
(1416, 354, 'fr', 'Francés', '', ''),
(1417, 355, 'es', 'Español', '', ''),
(1418, 355, 'gl', 'Gallego', '', ''),
(1419, 355, 'en', 'Inglés', '', ''),
(1420, 355, 'fr', 'Francés', '', ''),
(1421, 356, 'es', 'Español', '', ''),
(1422, 356, 'gl', 'Gallego', '', ''),
(1423, 356, 'en', 'Inglés', '', ''),
(1424, 356, 'fr', 'Francés', '', ''),
(1425, 357, 'es', 'Español', '', ''),
(1426, 357, 'gl', 'Gallego', '', ''),
(1427, 357, 'en', 'Inglés', '', ''),
(1428, 357, 'fr', 'Francés', '', ''),
(1429, 358, 'es', 'Español', '', ''),
(1430, 358, 'gl', 'Gallego', '', ''),
(1431, 358, 'en', 'Inglés', '', ''),
(1432, 358, 'fr', 'Francés', '', ''),
(1437, 360, 'es', 'Español', '', ''),
(1438, 360, 'gl', 'Gallego', '', ''),
(1439, 360, 'en', 'Inglés', '', ''),
(1440, 360, 'fr', 'Francés', '', ''),
(1441, 361, 'es', 'Español', '', ''),
(1442, 361, 'gl', 'Gallego', '', ''),
(1443, 361, 'en', 'Inglés', '', ''),
(1444, 361, 'fr', 'Francés', '', ''),
(1449, 363, 'es', 'Español', '', ''),
(1450, 363, 'gl', 'Gallego', '', ''),
(1451, 363, 'en', 'Inglés', '', ''),
(1452, 363, 'fr', 'Francés', '', ''),
(1457, 365, 'es', 'Español', '', ''),
(1458, 365, 'gl', 'Gallego', '', ''),
(1459, 365, 'en', 'Inglés', '', ''),
(1460, 365, 'fr', 'Francés', '', ''),
(1461, 366, 'es', 'Español', '', 'Ubicado en la zona exterior del mercado, destaca por la fruta fresca.'),
(1462, 366, 'gl', 'Gallego', '', 'Ubicado na zona exterior do mercado, destaca pola froita fresca.'),
(1463, 366, 'en', 'Inglés', '', 'Located in the market\'s exterior area, known for fresh fruit.'),
(1464, 366, 'fr', 'Francés', '', 'Fruits frais.'),
(1465, 367, 'es', 'Español', '', ''),
(1466, 367, 'gl', 'Gallego', '', ''),
(1467, 367, 'en', 'Inglés', '', ''),
(1468, 367, 'fr', 'Francés', '', ''),
(1469, 368, 'es', 'Español', '', ''),
(1470, 368, 'gl', 'Gallego', '', ''),
(1471, 368, 'en', 'Inglés', '', ''),
(1472, 368, 'fr', 'Francés', '', ''),
(1473, 369, 'es', 'Español', '', ''),
(1474, 369, 'gl', 'Gallego', '', ''),
(1475, 369, 'en', 'Inglés', '', ''),
(1476, 369, 'fr', 'Francés', '', ''),
(1477, 370, 'es', 'Español', '', ''),
(1478, 370, 'gl', 'Gallego', '', ''),
(1479, 370, 'en', 'Inglés', '', ''),
(1480, 370, 'fr', 'Francés', '', ''),
(1481, 399, 'es', 'Español', '', ''),
(1482, 399, 'gl', 'Gallego', '', ''),
(1483, 399, 'en', 'Inglés', '', ''),
(1484, 399, 'fr', 'Francés', '', ''),
(1485, 401, 'es', 'Español', '', ''),
(1486, 401, 'gl', 'Gallego', '', ''),
(1487, 401, 'en', 'Inglés', '', ''),
(1488, 401, 'fr', 'Francés', '', ''),
(1489, 402, 'es', 'Español', '', ''),
(1490, 402, 'gl', 'Gallego', '', ''),
(1491, 402, 'en', 'Inglés', '', ''),
(1492, 402, 'fr', 'Francés', '', ''),
(1493, 403, 'es', 'Español', '', ''),
(1494, 403, 'gl', 'Gallego', '', ''),
(1495, 403, 'en', 'Inglés', '', ''),
(1496, 403, 'fr', 'Francés', '', ''),
(1497, 404, 'es', 'Español', '', ''),
(1498, 404, 'gl', 'Gallego', '', ''),
(1499, 404, 'en', 'Inglés', '', ''),
(1500, 404, 'fr', 'Francés', '', ''),
(1501, 405, 'es', 'Español', '', ''),
(1502, 405, 'gl', 'Gallego', '', ''),
(1503, 405, 'en', 'Inglés', '', ''),
(1504, 405, 'fr', 'Francés', '', ''),
(1505, 406, 'es', 'Español', '', ''),
(1506, 406, 'gl', 'Gallego', '', ''),
(1507, 406, 'en', 'Inglés', '', ''),
(1508, 406, 'fr', 'Francés', '', ''),
(1509, 407, 'es', 'Español', '', ''),
(1510, 407, 'gl', 'Gallego', '', ''),
(1511, 407, 'en', 'Inglés', '', ''),
(1512, 407, 'fr', 'Francés', '', ''),
(1513, 408, 'es', 'Español', '', ''),
(1514, 408, 'gl', 'Gallego', '', ''),
(1515, 408, 'en', 'Inglés', '', ''),
(1516, 408, 'fr', 'Francés', '', ''),
(1517, 411, 'es', 'Español', '', ''),
(1518, 411, 'gl', 'Gallego', '', ''),
(1519, 411, 'en', 'Inglés', '', ''),
(1520, 411, 'fr', 'Francés', '', ''),
(1521, 412, 'es', 'Español', '', ''),
(1522, 412, 'gl', 'Gallego', '', ''),
(1523, 412, 'en', 'Inglés', '', ''),
(1524, 412, 'fr', 'Francés', '', ''),
(1525, 413, 'es', 'Español', '', ''),
(1526, 413, 'gl', 'Gallego', '', ''),
(1527, 413, 'en', 'Inglés', '', ''),
(1528, 413, 'fr', 'Francés', '', ''),
(1529, 415, 'es', 'Español', '', ''),
(1530, 415, 'gl', 'Gallego', '', ''),
(1531, 415, 'en', 'Inglés', '', ''),
(1532, 415, 'fr', 'Francés', '', ''),
(1533, 416, 'es', 'Español', '', ''),
(1534, 416, 'gl', 'Gallego', '', ''),
(1535, 416, 'en', 'Inglés', '', ''),
(1536, 416, 'fr', 'Francés', '', ''),
(1537, 417, 'es', 'Español', '', ''),
(1538, 417, 'gl', 'Gallego', '', ''),
(1539, 417, 'en', 'Inglés', '', ''),
(1540, 417, 'fr', 'Francés', '', ''),
(1573, 431, 'es', 'Español', '', ''),
(1574, 431, 'gl', 'Gallego', '', ''),
(1575, 431, 'en', 'Inglés', '', ''),
(1576, 431, 'fr', 'Francés', '', ''),
(1577, 432, 'es', 'Español', '', ''),
(1578, 432, 'gl', 'Gallego', '', ''),
(1579, 432, 'en', 'Inglés', '', ''),
(1580, 432, 'fr', 'Francés', '', ''),
(1581, 433, 'es', 'Español', '', ''),
(1582, 433, 'gl', 'Gallego', '', ''),
(1583, 433, 'en', 'Inglés', '', ''),
(1584, 433, 'fr', 'Francés', '', ''),
(1585, 435, 'es', 'Español', '', ''),
(1586, 435, 'gl', 'Gallego', '', ''),
(1587, 435, 'en', 'Inglés', '', ''),
(1588, 435, 'fr', 'Francés', '', ''),
(1589, 436, 'es', 'Español', '', ''),
(1590, 436, 'gl', 'Gallego', '', ''),
(1591, 436, 'en', 'Inglés', '', ''),
(1592, 436, 'fr', 'Francés', '', ''),
(1593, 437, 'es', 'Español', '', ''),
(1594, 437, 'gl', 'Gallego', '', ''),
(1595, 437, 'en', 'Inglés', '', ''),
(1596, 437, 'fr', 'Francés', '', ''),
(1597, 438, 'es', 'Español', '', ''),
(1598, 438, 'gl', 'Gallego', '', ''),
(1599, 438, 'en', 'Inglés', '', ''),
(1600, 438, 'fr', 'Francés', '', ''),
(1601, 439, 'es', 'Español', '', ''),
(1602, 439, 'gl', 'Gallego', '', ''),
(1603, 439, 'en', 'Inglés', '', ''),
(1604, 439, 'fr', 'Francés', '', ''),
(1605, 440, 'es', 'Español', 'Restaurante', 'Preparación de mariscos frescos comprados en el mercado preparados al instante. No admite pescados o calamares.'),
(1606, 440, 'gl', 'Gallego', 'Restaurante', 'Preparación de mariscos frescos comprados no mercado preparados ao instante. Non admite pescados ou calamar.'),
(1607, 440, 'en', 'Inglés', 'Reaurant', 'Preparation of fresh seafood bought at the market, ready to eat. Does not accept fish or squid.'),
(1608, 440, 'fr', 'Francés', 'Restaurant', 'Fruits de mer frais du marché préparés instantanément. Poissons et calmars non acceptés.'),
(1609, 441, 'es', 'Español', '', ''),
(1610, 441, 'gl', 'Gallego', '', ''),
(1611, 441, 'en', 'Inglés', '', ''),
(1612, 441, 'fr', 'Francés', '', ''),
(1613, 443, 'es', 'Español', '', ''),
(1614, 443, 'gl', 'Gallego', '', ''),
(1615, 443, 'en', 'Inglés', '', ''),
(1616, 443, 'fr', 'Francés', '', ''),
(1617, 444, 'es', 'Español', '', ''),
(1618, 444, 'gl', 'Gallego', '', ''),
(1619, 444, 'en', 'Inglés', '', ''),
(1620, 444, 'fr', 'Francés', '', ''),
(1621, 445, 'es', 'Español', '', ''),
(1622, 445, 'gl', 'Gallego', '', ''),
(1623, 445, 'en', 'Inglés', '', ''),
(1624, 445, 'fr', 'Francés', '', ''),
(1625, 447, 'es', 'Español', '', ''),
(1626, 447, 'gl', 'Gallego', '', ''),
(1627, 447, 'en', 'Inglés', '', ''),
(1628, 447, 'fr', 'Francés', '', ''),
(1629, 449, 'es', 'Español', '', ''),
(1630, 449, 'gl', 'Gallego', '', ''),
(1631, 449, 'en', 'Inglés', '', ''),
(1632, 449, 'fr', 'Francés', '', ''),
(1633, 451, 'es', 'Español', '', ''),
(1634, 451, 'gl', 'Gallego', '', ''),
(1635, 451, 'en', 'Inglés', '', ''),
(1636, 451, 'fr', 'Francés', '', ''),
(1637, 452, 'es', 'Español', '', ''),
(1638, 452, 'gl', 'Gallego', '', ''),
(1639, 452, 'en', 'Inglés', '', ''),
(1640, 452, 'fr', 'Francés', '', ''),
(1641, 453, 'es', 'Español', '', ''),
(1642, 453, 'gl', 'Gallego', '', ''),
(1643, 453, 'en', 'Inglés', '', ''),
(1644, 453, 'fr', 'Francés', '', ''),
(1645, 455, 'es', 'Español', '', ''),
(1646, 455, 'gl', 'Gallego', '', ''),
(1647, 455, 'en', 'Inglés', '', ''),
(1648, 455, 'fr', 'Francés', '', ''),
(1649, 456, 'es', 'Español', '', ''),
(1650, 456, 'gl', 'Gallego', '', ''),
(1651, 456, 'en', 'Inglés', '', ''),
(1652, 456, 'fr', 'Francés', '', ''),
(1653, 457, 'es', 'Español', '', ''),
(1654, 457, 'gl', 'Gallego', '', ''),
(1655, 457, 'en', 'Inglés', '', ''),
(1656, 457, 'fr', 'Francés', '', ''),
(1657, 458, 'es', 'Español', '', ''),
(1658, 458, 'gl', 'Gallego', '', ''),
(1659, 458, 'en', 'Inglés', '', ''),
(1660, 458, 'fr', 'Francés', '', ''),
(1661, 459, 'es', 'Español', '', ''),
(1662, 459, 'gl', 'Gallego', '', ''),
(1663, 459, 'en', 'Inglés', '', ''),
(1664, 459, 'fr', 'Francés', '', ''),
(1665, 460, 'es', 'Español', '', ''),
(1666, 460, 'gl', 'Gallego', '', ''),
(1667, 460, 'en', 'Inglés', '', ''),
(1668, 460, 'fr', 'Francés', '', ''),
(1669, 462, 'es', 'Español', '', ''),
(1670, 462, 'gl', 'Gallego', '', ''),
(1671, 462, 'en', 'Inglés', '', ''),
(1672, 462, 'fr', 'Francés', '', ''),
(1673, 463, 'es', 'Español', '', ''),
(1674, 463, 'gl', 'Gallego', '', ''),
(1675, 463, 'en', 'Inglés', '', ''),
(1676, 463, 'fr', 'Francés', '', ''),
(1677, 465, 'es', 'Español', '', ''),
(1678, 465, 'gl', 'Gallego', '', ''),
(1679, 465, 'en', 'Inglés', '', ''),
(1680, 465, 'fr', 'Francés', '', ''),
(1681, 466, 'es', 'Español', '', ''),
(1682, 466, 'gl', 'Gallego', '', ''),
(1683, 466, 'en', 'Inglés', '', ''),
(1684, 466, 'fr', 'Francés', '', ''),
(1685, 467, 'es', 'Español', '', ''),
(1686, 467, 'gl', 'Gallego', '', ''),
(1687, 467, 'en', 'Inglés', '', ''),
(1688, 467, 'fr', 'Francés', '', ''),
(1689, 469, 'es', 'Español', '', ''),
(1690, 469, 'gl', 'Gallego', '', ''),
(1691, 469, 'en', 'Inglés', '', ''),
(1692, 469, 'fr', 'Francés', '', ''),
(1693, 471, 'es', 'Español', '', ''),
(1694, 471, 'gl', 'Gallego', '', ''),
(1695, 471, 'en', 'Inglés', '', ''),
(1696, 471, 'fr', 'Francés', '', ''),
(1697, 472, 'es', 'Español', '', ''),
(1698, 472, 'gl', 'Gallego', '', ''),
(1699, 472, 'en', 'Inglés', '', ''),
(1700, 472, 'fr', 'Francés', '', ''),
(1701, 473, 'es', 'Español', '', ''),
(1702, 473, 'gl', 'Gallego', '', ''),
(1703, 473, 'en', 'Inglés', '', ''),
(1704, 473, 'fr', 'Francés', '', ''),
(1705, 475, 'es', 'Español', '', ''),
(1706, 475, 'gl', 'Gallego', '', ''),
(1707, 475, 'en', 'Inglés', '', ''),
(1708, 475, 'fr', 'Francés', '', ''),
(1709, 477, 'es', 'Español', '', ''),
(1710, 477, 'gl', 'Gallego', '', ''),
(1711, 477, 'en', 'Inglés', '', ''),
(1712, 477, 'fr', 'Francés', '', ''),
(1713, 478, 'es', 'Español', '', ''),
(1714, 478, 'gl', 'Gallego', '', ''),
(1715, 478, 'en', 'Inglés', '', ''),
(1716, 478, 'fr', 'Francés', '', ''),
(1717, 479, 'es', 'Español', '', ''),
(1718, 479, 'gl', 'Gallego', '', ''),
(1719, 479, 'en', 'Inglés', '', ''),
(1720, 479, 'fr', 'Francés', '', ''),
(1721, 481, 'es', 'Español', '', ''),
(1722, 481, 'gl', 'Gallego', '', ''),
(1723, 481, 'en', 'Inglés', '', ''),
(1724, 481, 'fr', 'Francés', '', ''),
(1725, 938, 'es', 'Español', 'Carnicería', 'Un encantador puesto de carne ubicado en el corazón de Galicia. Con más de 20 años de experiencia, se ha ganado la confianza de la comunidad gracias a la calidad de sus productos. Aquí, los clientes pueden encontrar una amplia variedad de carnes frescas, desde jugosos cortes de ternera hasta sabrosas piezas de cerdo. Luis y su equipo se dedican a ofrecer un servicio amable y personalizado.'),
(1726, 938, 'gl', 'Gallego', 'Carnicería', 'Un encantador posto de carne situado no corazón de Galicia. Con máis de 20 anos de experiencia, gañou a confianza da comunidade grazas á calidade dos seus produtos. Aquí, os clientes poden atopar unha ampla variedade de carnes frescas, desde xuosos cortes de tenreira ata sabrosas pezas de porco. Luis e o seu equipo dedícanse a ofrecer un servizo amable e personalizado, sempre dispostos a aconsellar sobre as mellores opcións para cada ocasión.'),
(1727, 938, 'en', 'Inglés', 'Butcher', 'Vista aérea de un Zumbido de la Archicatedral Basílica de Santiago de Compostela, Patrimonio de la Humanidad, en Galicia, España Vista aérea de un Zumbido de la Archicatedral Basílica de Santiago de Compostela, Patrimonio de la Humanidad, en Galicia, España Vista aérea de un Zumbido de la Archicatedral Basílica de Santiago de Compostela, Patrimonio de la Humanidad, en Galicia, España'),
(1728, 938, 'fr', 'Francés', 'Carnicería', 'Augmented Reality is one of the most important trends currently. So, after our trial using the browser over 1 year ago, I wanted to test a framework offering the possibility to create native augmented reality experiences. Read on to see how I developed a reversi game application on mobile using React-Native.'),
(1729, 940, 'es', 'Español', 'Preparados', 'Destacan sus mariscos cocidos al punto.'),
(1730, 940, 'gl', 'Gallego', 'Preparados', 'Destacan os seus mariscos cocidos ao punto.'),
(1731, 940, 'en', 'Inglés', 'Restaurants', 'Known for its perfectly cooked seafood.'),
(1732, 940, 'fr', 'Francés', 'Preparados', 'Fruits de mer cuits à la perfection.'),
(1733, 949, 'es', 'Español', 'Polos', 'Gallos ecológicos y de sabor tradicional dentro de la nave 1.'),
(1734, 949, 'gl', 'Gallego', 'Polos', 'Galos ecolóxicos e de sabor tradicional dentro da nave 1.'),
(1735, 949, 'en', 'Inglés', 'Butcher', 'Ecological roosters with traditional flavor in Hall 1.'),
(1736, 949, 'fr', 'Francés', 'Polos', 'Coqs écologiques et au goût traditionnel.'),
(1737, 954, 'es', 'Español', 'Carnicería', 'Ocupando desde los puestos 54 al 57 de la nave 1, se especializa en ternera y cerdo frescos, listos para la parrilla.'),
(1738, 954, 'gl', 'Gallego', 'Carnicería', 'Ocupando dende os postos 54 a 57 da nave 1, especialízase en tenreira e porco frescos, listos para a brasa.'),
(1739, 954, 'en', 'Inglés', 'Butcher', 'Occupying stalls 54 to 57 in hall 1, specializes in fresh veal and pork, ready for grilling.'),
(1740, 954, 'fr', 'Francés', 'Carnicería', 'Située aux étals 54 à 57 du hall 1, spécialisée en bœuf et porc frais, prêts pour le grill.'),
(1741, 958, 'es', 'Español', 'Froitas', 'Ubicado en la entrada de la nave 1, destaca por el producto fresco de cosecha propia.'),
(1742, 958, 'gl', 'Gallego', 'Froitas', 'Ubicado na entrada da nave 1, destaca polo producto fresco de colleita propia.'),
(1743, 958, 'en', 'Inglés', 'Vegetables and organics', 'Located at the entrance of Hall 1, known for fresh produce from its own harvest.'),
(1744, 958, 'fr', 'Francés', 'Froitas', 'Produits frais.'),
(1745, 959, 'es', 'Español', 'Preparados', 'Comidas variadas, empanadas y empanadillas.'),
(1746, 959, 'gl', 'Gallego', 'Preparados', 'Comidas variadas, empanadas e empanadillas.'),
(1747, 959, 'en', 'Inglés', '', 'Various dishes, empanadas, and pastries.'),
(1748, 959, 'fr', 'Francés', 'Preparados', 'Plats variés, empanadas et chaussons.'),
(1749, 963, 'es', 'Español', 'Preparados', 'Elaboraciones gourmet para disfrutar al momento.'),
(1750, 963, 'gl', 'Gallego', 'Preparados', 'Elaboracións gourmet para disfrutar al momento.'),
(1751, 963, 'en', 'Inglés', 'Restaurants', 'Gourmet preparations to enjoy on the spot.'),
(1752, 963, 'fr', 'Francés', 'Preparados', 'Préparations gastronomiques à déguster sur le moment.'),
(1753, 965, 'es', 'Español', 'Charcutería', 'Ubicado en la zona central de la nave 1, ofrece jamones ibéricos, serranos y gallegos. Quesos importados y gallegos.'),
(1754, 965, 'gl', 'Gallego', 'Charcutería', 'Ubicado na zona central da nave 1, ofrece xamóns Ibéricos, serranos e galegos. Queixos de importación e galegos.'),
(1755, 965, 'en', 'Inglés', 'Delicatessen', 'Located in the central area of hall 1, offers Iberian, serrano, and Galician hams. Imported and Galician cheeses.'),
(1756, 965, 'fr', 'Francés', 'Charcutería', 'Située dans la zone centrale du hall 1, spécialisée dans les jambons ibériques, serranos et galiciens. Fromages importés et galiciens.'),
(1757, 970, 'es', 'Español', 'Carnicería', 'Se encuentra en la nave 1, con una amplia oferta de carne variada.'),
(1758, 970, 'gl', 'Gallego', 'Carnicería', 'Atópase na nave 1, cunha ampla oferta de carne variada.'),
(1759, 970, 'en', 'Inglés', 'Butcher', 'Located in hall 1, with a wide range of varied meats.'),
(1760, 970, 'fr', 'Francés', 'Carnicería', 'Située dans le hall 1, avec une grande variété de viandes.'),
(1761, 974, 'es', 'Español', 'Carnicería', 'Siendo una de las carnicerías más grandes de la nave 1, ya que ocupa - cuatro puestos, destaca por su especialidad en vacuno gallego.'),
(1762, 974, 'gl', 'Gallego', 'Carnicería', 'Sendo unha das carnicerías máis grandes da nave 1, xa que ocupa catro postos, destaca pola súa especialidade en vacún galego.'),
(1763, 974, 'en', 'Inglés', 'Butcher', 'One of the largest butcher shops in hall 1, occupying four stalls, known for its Galician beef specialty.'),
(1764, 974, 'fr', 'Francés', 'Carnicería', 'L’une des plus grandes boucheries du hall 1, avec quatre étals, spécialisée dans le bœuf galicien.'),
(1765, 981, 'es', 'Español', 'Restaurante', ''),
(1766, 981, 'gl', 'Gallego', 'Restaurante', ''),
(1767, 981, 'en', 'Inglés', 'Restaurants', ''),
(1768, 981, 'fr', 'Francés', 'Restaurante', ''),
(1769, 986, 'es', 'Español', 'Elaborados', 'Elaborados caseros con sabores tradicionales.'),
(1770, 986, 'gl', 'Gallego', 'Elaborados', 'Elaborados caseiros con sabores tradicionais.'),
(1771, 986, 'en', 'Inglés', 'Restaurants', 'Homemade preparations with traditional flavors.'),
(1772, 986, 'fr', 'Francés', 'Elaborados', 'Préparations maison aux saveurs traditionnelles.'),
(1773, 988, 'es', 'Español', 'Elaborados', 'Pulpo y empanadas.'),
(1774, 988, 'gl', 'Gallego', 'Elaborados', 'Pulpo e empanadas.'),
(1775, 988, 'en', 'Inglés', 'Restaurants', 'Octopus and empanadas.'),
(1776, 988, 'fr', 'Francés', 'Elaborados', 'Poulpe et empanadas.'),
(1777, 990, 'es', 'Español', 'Elaborados', 'Filloas y vinos gallegos de pequeños productores.'),
(1778, 990, 'gl', 'Gallego', 'Elaborados', 'Filloas e viños galegos de pequenos productores.'),
(1779, 990, 'en', 'Inglés', 'Restaurants', 'Filloas and Galician wines from small producers.'),
(1780, 990, 'fr', 'Francés', 'Elaborados', 'Crêpes et vins galiciens de petits producteurs.'),
(1781, 994, 'es', 'Español', 'Elaborados', 'Pulpo a la feira y a la brasa como especialidades del menú.'),
(1782, 994, 'gl', 'Gallego', 'Elaborados', 'Pulpo á feira e á grella coma especialidades do menú.'),
(1783, 994, 'en', 'Inglés', 'Restaurants', 'Specializes in octopus a feira and grilled octopus.'),
(1784, 994, 'fr', 'Francés', 'Elaborados', 'Poulpe à la galicienne et grillé.'),
(1785, 9101, 'es', 'Español', 'Elaborados', 'Preparación de mariscos frescos comprados en el mercado preparados al instante. No admite pescados o calamares.'),
(1786, 9101, 'gl', 'Gallego', 'Elaborados', 'Preparación de mariscos frescos comprados no mercado preparados ao instante. Non admite pescados ou calamar.'),
(1787, 9101, 'en', 'Inglés', 'Fish and seafood', 'Preparation of fresh seafood bought at the market, ready to eat. Does not accept fish or squid.'),
(1788, 9101, 'fr', 'Francés', 'Elaborados', 'Fruits de mer frais du marché préparés instantanément. Poissons et calmars non acceptés.'),
(1789, 9104, 'es', 'Español', 'Elaborados', 'Empanadas exquisitas con el mejor maridaje de vinos.'),
(1790, 9104, 'gl', 'Gallego', 'Elaborados', 'Empanadas exquisitas co mellor maridaxe de viños.'),
(1791, 9104, 'en', 'Inglés', 'Restaurants', 'Exquisite empanadas with the best wine pairings.'),
(1792, 9104, 'fr', 'Francés', 'Elaborados', 'Empanadas exquises avec le meilleur accord de vins.'),
(1793, 9107, 'es', 'Español', 'Elaborados', 'Pulpo a la feira y a la brasa como especialidades del menú.'),
(1794, 9107, 'gl', 'Gallego', 'Elaborados', 'Pulpo á feira e á grella coma especialidades do menú.'),
(1795, 9107, 'en', 'Inglés', 'Fish and seafood', 'Specializes in octopus a feira and grilled octopus.'),
(1796, 9107, 'fr', 'Francés', 'Elaborados', 'Poulpe à la galicienne et grillé.'),
(1797, 9110, 'es', 'Español', 'Elaborados', 'Su oferta ofrece principalmente mariscos y peces.'),
(1798, 9110, 'gl', 'Gallego', 'Elaborados', 'A súa oferta ofrece principalmente mariscos e peixes.'),
(1799, 9110, 'en', 'Inglés', 'Restaurants', 'Mainly offers seafood and fish.'),
(1800, 9110, 'fr', 'Francés', 'Elaborados', 'Fruits de mer et poissons.'),
(1801, 9114, 'es', 'Español', 'Elaborados', 'Preparados exquisitos listos para degustar.'),
(1802, 9114, 'gl', 'Gallego', 'Elaborados', 'Preparados exquisitos listos para degustar.'),
(1803, 9114, 'en', 'Inglés', 'Restaurants', 'Exquisite prepared dishes ready to taste.'),
(1804, 9114, 'fr', 'Francés', 'Elaborados', 'Préparations exquises prêtes à déguster.'),
(1805, 9116, 'es', 'Español', 'Elaborados', 'Elaboraciones listas para disfrutar.'),
(1806, 9116, 'gl', 'Gallego', 'Elaborados', 'Elaboracións listas para disfrutar.'),
(1807, 9116, 'en', 'Inglés', 'Restaurants', 'Ready-to-enjoy preparations.'),
(1808, 9116, 'fr', 'Francés', 'Elaborados', 'Préparations prêtes à savourer.'),
(1809, 9120, 'es', 'Español', 'Carnicería', 'Ubicada en una de las entradas de la nave 2, destaca por el cordero fresco de excelente calidad.'),
(1810, 9120, 'gl', 'Gallego', 'Carnicería', 'Ubicada nunha das entradas da nave 2, sinalan o cordeiro fresco de excelente calidade.'),
(1811, 9120, 'en', 'Inglés', 'Butcher', 'Located at one of the entrances of hall 2, highlights fresh lamb of excellent quality.'),
(1812, 9120, 'fr', 'Francés', 'Carnicería', 'Située à l’une des entrées du hall 2, elle est réputée pour son agneau frais de qualité exceptionnelle.'),
(1813, 9121, 'es', 'Español', '', NULL),
(1814, 9121, 'gl', 'Gallego', '', NULL),
(1815, 9121, 'en', 'Inglés', '', NULL),
(1816, 9121, 'fr', 'Francés', '', NULL),
(1817, 9122, 'es', 'Español', '', NULL),
(1818, 9122, 'gl', 'Gallego', '', NULL),
(1819, 9122, 'en', 'Inglés', '', NULL),
(1820, 9122, 'fr', 'Francés', '', NULL),
(1821, 9124, 'es', 'Español', '', NULL),
(1822, 9124, 'gl', 'Gallego', '', NULL),
(1823, 9124, 'en', 'Inglés', '', NULL),
(1824, 9124, 'fr', 'Francés', '', NULL),
(1825, 9125, 'es', 'Español', '', NULL),
(1826, 9125, 'gl', 'Gallego', '', NULL),
(1827, 9125, 'en', 'Inglés', '', NULL),
(1828, 9125, 'fr', 'Francés', '', NULL),
(1829, 9126, 'es', 'Español', '', NULL),
(1830, 9126, 'gl', 'Gallego', '', NULL),
(1831, 9126, 'en', 'Inglés', '', NULL),
(1832, 9126, 'fr', 'Francés', '', NULL),
(1833, 9127, 'es', 'Español', '', NULL),
(1834, 9127, 'gl', 'Gallego', '', NULL),
(1835, 9127, 'en', 'Inglés', '', NULL),
(1836, 9127, 'fr', 'Francés', '', NULL),
(1837, 9128, 'es', 'Español', '', NULL),
(1838, 9128, 'gl', 'Gallego', '', NULL),
(1839, 9128, 'en', 'Inglés', '', NULL),
(1840, 9128, 'fr', 'Francés', '', NULL),
(1841, 9129, 'es', 'Español', '', NULL),
(1842, 9129, 'gl', 'Gallego', '', NULL),
(1843, 9129, 'en', 'Inglés', '', NULL),
(1844, 9129, 'fr', 'Francés', '', NULL),
(1845, 9130, 'es', 'Español', '', NULL),
(1846, 9130, 'gl', 'Gallego', '', NULL),
(1847, 9130, 'en', 'Inglés', '', NULL),
(1848, 9130, 'fr', 'Francés', '', NULL),
(1849, 9131, 'es', 'Español', '', NULL),
(1850, 9131, 'gl', 'Gallego', '', NULL),
(1851, 9131, 'en', 'Inglés', '', NULL),
(1852, 9131, 'fr', 'Francés', '', NULL),
(1853, 9132, 'es', 'Español', '', NULL),
(1854, 9132, 'gl', 'Gallego', '', NULL),
(1855, 9132, 'en', 'Inglés', '', NULL),
(1856, 9132, 'fr', 'Francés', '', NULL),
(1857, 9133, 'es', 'Español', '', NULL),
(1858, 9133, 'gl', 'Gallego', '', NULL),
(1859, 9133, 'en', 'Inglés', '', NULL),
(1860, 9133, 'fr', 'Francés', '', NULL),
(1861, 9134, 'es', 'Español', '', NULL),
(1862, 9134, 'gl', 'Gallego', '', NULL),
(1863, 9134, 'en', 'Inglés', '', NULL),
(1864, 9134, 'fr', 'Francés', '', NULL),
(1865, 9135, 'es', 'Español', '', NULL),
(1866, 9135, 'gl', 'Gallego', '', NULL),
(1867, 9135, 'en', 'Inglés', '', NULL),
(1868, 9135, 'fr', 'Francés', '', NULL),
(1869, 9136, 'es', 'Español', '', NULL),
(1870, 9136, 'gl', 'Gallego', '', NULL),
(1871, 9136, 'en', 'Inglés', '', NULL),
(1872, 9136, 'fr', 'Francés', '', NULL),
(1873, 9137, 'es', 'Español', '', NULL),
(1874, 9137, 'gl', 'Gallego', '', NULL),
(1875, 9137, 'en', 'Inglés', '', NULL),
(1876, 9137, 'fr', 'Francés', '', NULL),
(1877, 9138, 'es', 'Español', '', NULL),
(1878, 9138, 'gl', 'Gallego', '', NULL),
(1879, 9138, 'en', 'Inglés', '', NULL),
(1880, 9138, 'fr', 'Francés', '', NULL),
(1881, 9139, 'es', 'Español', '', NULL),
(1882, 9139, 'gl', 'Gallego', '', NULL),
(1883, 9139, 'en', 'Inglés', '', NULL),
(1884, 9139, 'fr', 'Francés', '', NULL),
(1885, 9140, 'es', 'Español', '', NULL),
(1886, 9140, 'gl', 'Gallego', '', NULL),
(1887, 9140, 'en', 'Inglés', '', NULL),
(1888, 9140, 'fr', 'Francés', '', NULL),
(1889, 9141, 'es', 'Español', '', NULL),
(1890, 9141, 'gl', 'Gallego', '', NULL),
(1891, 9141, 'en', 'Inglés', '', NULL),
(1892, 9141, 'fr', 'Francés', '', NULL),
(1895, 9123, 'es', 'Español', '', NULL),
(1896, 9123, 'gl', 'Gallego', '', NULL),
(1897, 9123, 'en', 'Inglés', '', NULL),
(1898, 9123, 'fr', 'Francés', '', NULL),
(1899, 9142, 'es', 'Español', '', NULL),
(1900, 9142, 'gl', 'Gallego', 'prueba', ''),
(1901, 9142, 'en', 'Inglés', '', NULL),
(1902, 9142, 'fr', 'Francés', '', NULL),
(1903, 9143, 'es', 'Español', '', NULL),
(1904, 9143, 'gl', 'Gallego', '', NULL),
(1905, 9143, 'en', 'Inglés', '', NULL),
(1906, 9143, 'fr', 'Francés', '', NULL),
(1907, 9144, 'es', 'Español', '', NULL),
(1908, 9144, 'gl', 'Gallego', '', NULL),
(1909, 9144, 'en', 'Inglés', '', NULL),
(1910, 9144, 'fr', 'Francés', '', NULL),
(1911, 9145, 'es', 'Español', '', NULL),
(1912, 9145, 'gl', 'Gallego', '', NULL),
(1913, 9145, 'en', 'Inglés', '', NULL),
(1914, 9145, 'fr', 'Francés', '', NULL),
(1915, 9146, 'es', 'Español', '', NULL),
(1916, 9146, 'gl', 'Gallego', '', NULL),
(1917, 9146, 'en', 'Inglés', '', NULL),
(1918, 9146, 'fr', 'Francés', '', NULL),
(1919, 9147, 'es', 'Español', '', NULL),
(1920, 9147, 'gl', 'Gallego', '', NULL),
(1921, 9147, 'en', 'Inglés', '', NULL),
(1922, 9147, 'fr', 'Francés', '', NULL),
(1923, 9148, 'es', 'Español', '', NULL),
(1924, 9148, 'gl', 'Gallego', '', NULL),
(1925, 9148, 'en', 'Inglés', '', NULL),
(1926, 9148, 'fr', 'Francés', '', NULL),
(1927, 9149, 'es', 'Español', '', NULL),
(1928, 9149, 'gl', 'Gallego', '', NULL),
(1929, 9149, 'en', 'Inglés', '', NULL),
(1930, 9149, 'fr', 'Francés', '', NULL),
(1931, 9150, 'es', 'Español', '', NULL),
(1932, 9150, 'gl', 'Gallego', '', NULL),
(1933, 9150, 'en', 'Inglés', '', NULL),
(1934, 9150, 'fr', 'Francés', '', NULL),
(1935, 9151, 'es', 'Español', '', NULL),
(1936, 9151, 'gl', 'Gallego', '', NULL),
(1937, 9151, 'en', 'Inglés', '', NULL),
(1938, 9151, 'fr', 'Francés', '', NULL),
(1939, 9152, 'es', 'Español', '', NULL),
(1940, 9152, 'gl', 'Gallego', '', NULL),
(1941, 9152, 'en', 'Inglés', '', NULL),
(1942, 9152, 'fr', 'Francés', '', NULL),
(1943, 9153, 'es', 'Español', '', NULL),
(1944, 9153, 'gl', 'Gallego', '', NULL),
(1945, 9153, 'en', 'Inglés', '', NULL),
(1946, 9153, 'fr', 'Francés', '', NULL),
(1947, 9154, 'es', 'Español', '', NULL),
(1948, 9154, 'gl', 'Gallego', '', NULL),
(1949, 9154, 'en', 'Inglés', '', NULL),
(1950, 9154, 'fr', 'Francés', '', NULL),
(1951, 9155, 'es', 'Español', '', NULL),
(1952, 9155, 'gl', 'Gallego', '', NULL),
(1953, 9155, 'en', 'Inglés', '', NULL),
(1954, 9155, 'fr', 'Francés', '', NULL),
(1955, 9156, 'es', 'Español', '', NULL),
(1956, 9156, 'gl', 'Gallego', '', NULL),
(1957, 9156, 'en', 'Inglés', '', NULL),
(1958, 9156, 'fr', 'Francés', '', NULL),
(1959, 9157, 'es', 'Español', '', NULL),
(1960, 9157, 'gl', 'Gallego', '', NULL),
(1961, 9157, 'en', 'Inglés', '', NULL),
(1962, 9157, 'fr', 'Francés', '', NULL),
(1963, 9158, 'es', 'Español', '', NULL),
(1964, 9158, 'gl', 'Gallego', '', NULL),
(1965, 9158, 'en', 'Inglés', '', NULL),
(1966, 9158, 'fr', 'Francés', '', NULL),
(1968, 9159, 'es', 'Español', '', NULL),
(1969, 9159, 'gl', 'Gallego', '', NULL),
(1970, 9159, 'en', 'Inglés', '', NULL),
(1971, 9159, 'fr', 'Francés', '', NULL),
(1972, 9160, 'es', 'Español', '', NULL),
(1973, 9160, 'gl', 'Gallego', '', NULL),
(1974, 9160, 'en', 'Inglés', '', NULL),
(1975, 9160, 'fr', 'Francés', '', NULL),
(1976, 9161, 'es', 'Español', '', NULL),
(1977, 9161, 'gl', 'Gallego', '', NULL),
(1978, 9161, 'en', 'Inglés', '', NULL),
(1979, 9161, 'fr', 'Francés', '', NULL),
(1982, 9162, 'es', 'Español', '', NULL),
(1983, 9162, 'gl', 'Gallego', '', NULL),
(1984, 9162, 'en', 'Inglés', '', NULL),
(1985, 9162, 'fr', 'Francés', '', NULL),
(1986, 9163, 'es', 'Español', '', NULL),
(1987, 9163, 'gl', 'Gallego', '', NULL),
(1988, 9163, 'en', 'Inglés', '', NULL),
(1989, 9163, 'fr', 'Francés', '', NULL),
(1991, 9164, 'es', 'Español', '', NULL),
(1992, 9164, 'gl', 'Gallego', '', NULL),
(1993, 9164, 'en', 'Inglés', '', NULL),
(1994, 9164, 'fr', 'Francés', '', NULL),
(1996, 9165, 'es', 'Español', '', NULL),
(1997, 9165, 'gl', 'Gallego', '', NULL),
(1998, 9165, 'en', 'Inglés', '', NULL),
(1999, 9165, 'fr', 'Francés', '', NULL),
(2000, 9166, 'es', 'Español', '', NULL),
(2001, 9166, 'gl', 'Gallego', '', NULL),
(2002, 9166, 'en', 'Inglés', '', NULL),
(2003, 9166, 'fr', 'Francés', '', NULL),
(2004, 9167, 'es', 'Español', '', NULL),
(2005, 9167, 'gl', 'Gallego', '', NULL),
(2006, 9167, 'en', 'Inglés', '', NULL),
(2007, 9167, 'fr', 'Francés', '', NULL),
(2008, 9168, 'es', 'Español', '', NULL),
(2009, 9168, 'gl', 'Gallego', '', NULL),
(2010, 9168, 'en', 'Inglés', '', NULL),
(2011, 9168, 'fr', 'Francés', '', NULL),
(2012, 9169, 'es', 'Español', '', NULL),
(2013, 9169, 'gl', 'Gallego', '', NULL),
(2014, 9169, 'en', 'Inglés', '', NULL),
(2015, 9169, 'fr', 'Francés', '', NULL),
(2016, 9170, 'es', 'Español', '', NULL),
(2017, 9170, 'gl', 'Gallego', '', NULL),
(2018, 9170, 'en', 'Inglés', '', NULL),
(2019, 9170, 'fr', 'Francés', '', NULL),
(2020, 9171, 'es', 'Español', '', NULL),
(2021, 9171, 'gl', 'Gallego', '', NULL),
(2022, 9171, 'en', 'Inglés', '', NULL),
(2023, 9171, 'fr', 'Francés', '', NULL),
(2024, 9172, 'es', 'Español', '', NULL),
(2025, 9172, 'gl', 'Gallego', '', NULL),
(2026, 9172, 'en', 'Inglés', '', NULL),
(2027, 9172, 'fr', 'Francés', '', NULL),
(2028, 9173, 'es', 'Español', '', NULL),
(2029, 9173, 'gl', 'Gallego', '', NULL),
(2030, 9173, 'en', 'Inglés', '', NULL),
(2031, 9173, 'fr', 'Francés', '', NULL),
(2032, 9174, 'es', 'Español', '', NULL),
(2033, 9174, 'gl', 'Gallego', '', NULL),
(2034, 9174, 'en', 'Inglés', '', NULL),
(2035, 9174, 'fr', 'Francés', '', NULL),
(2036, 9175, 'es', 'Español', '', NULL),
(2037, 9175, 'gl', 'Gallego', '', NULL),
(2038, 9175, 'en', 'Inglés', '', NULL),
(2039, 9175, 'fr', 'Francés', '', NULL),
(2040, 9176, 'es', 'Español', '', NULL),
(2041, 9176, 'gl', 'Gallego', '', NULL),
(2042, 9176, 'en', 'Inglés', '', NULL),
(2043, 9176, 'fr', 'Francés', '', NULL),
(2044, 9177, 'es', 'Español', '', NULL),
(2045, 9177, 'gl', 'Gallego', '', NULL),
(2046, 9177, 'en', 'Inglés', '', NULL),
(2047, 9177, 'fr', 'Francés', '', NULL),
(2048, 9178, 'es', 'Español', '', NULL),
(2049, 9178, 'gl', 'Gallego', '', NULL),
(2050, 9178, 'en', 'Inglés', '', NULL),
(2051, 9178, 'fr', 'Francés', '', NULL),
(2052, 9179, 'es', 'Español', '', NULL),
(2053, 9179, 'gl', 'Gallego', '', NULL),
(2054, 9179, 'en', 'Inglés', '', NULL),
(2055, 9179, 'fr', 'Francés', '', NULL),
(2056, 9180, 'es', 'Español', '', NULL),
(2057, 9180, 'gl', 'Gallego', '', NULL),
(2058, 9180, 'en', 'Inglés', '', NULL),
(2059, 9180, 'fr', 'Francés', '', NULL),
(2060, 9181, 'es', 'Español', '', NULL),
(2061, 9181, 'gl', 'Gallego', '', NULL),
(2062, 9181, 'en', 'Inglés', '', NULL),
(2063, 9181, 'fr', 'Francés', '', NULL),
(2064, 9182, 'es', 'Español', '', NULL),
(2065, 9182, 'gl', 'Gallego', '', NULL),
(2066, 9182, 'en', 'Inglés', '', NULL),
(2067, 9182, 'fr', 'Francés', '', NULL),
(2068, 9183, 'es', 'Español', '', NULL),
(2069, 9183, 'gl', 'Gallego', '', NULL),
(2070, 9183, 'en', 'Inglés', '', NULL),
(2071, 9183, 'fr', 'Francés', '', NULL),
(2072, 9184, 'es', 'Español', '', NULL),
(2073, 9184, 'gl', 'Gallego', '', NULL),
(2074, 9184, 'en', 'Inglés', '', NULL),
(2075, 9184, 'fr', 'Francés', '', NULL),
(2076, 9185, 'es', 'Español', '', NULL),
(2077, 9185, 'gl', 'Gallego', '', NULL),
(2078, 9185, 'en', 'Inglés', '', NULL),
(2079, 9185, 'fr', 'Francés', '', NULL),
(2080, 9186, 'es', 'Español', '', NULL),
(2081, 9186, 'gl', 'Gallego', '', NULL),
(2082, 9186, 'en', 'Inglés', '', NULL),
(2083, 9186, 'fr', 'Francés', '', NULL),
(2084, 9187, 'es', 'Español', '', NULL),
(2085, 9187, 'gl', 'Gallego', '', NULL),
(2086, 9187, 'en', 'Inglés', '', NULL),
(2087, 9187, 'fr', 'Francés', '', NULL),
(2088, 9188, 'es', 'Español', '', NULL),
(2089, 9188, 'gl', 'Gallego', '', NULL),
(2090, 9188, 'en', 'Inglés', '', NULL),
(2091, 9188, 'fr', 'Francés', '', NULL),
(2092, 9189, 'es', 'Español', '', NULL),
(2093, 9189, 'gl', 'Gallego', '', NULL),
(2094, 9189, 'en', 'Inglés', '', NULL),
(2095, 9189, 'fr', 'Francés', '', NULL),
(2096, 9190, 'es', 'Español', '', NULL),
(2097, 9190, 'gl', 'Gallego', '', NULL),
(2098, 9190, 'en', 'Inglés', '', NULL),
(2099, 9190, 'fr', 'Francés', '', NULL),
(2100, 9191, 'es', 'Español', '', NULL),
(2101, 9191, 'gl', 'Gallego', '', NULL),
(2102, 9191, 'en', 'Inglés', '', NULL),
(2103, 9191, 'fr', 'Francés', '', NULL);

-- --------------------------------------------------------

--
-- Estructura de tabla para la tabla `usuarios`
--

CREATE TABLE `usuarios` (
  `login` varchar(100) NOT NULL,
  `password` varchar(100) NOT NULL,
  `id` int(10) UNSIGNED NOT NULL
) ENGINE=InnoDB DEFAULT CHARSET=utf8mb4 COLLATE=utf8mb4_general_ci;

--
-- Volcado de datos para la tabla `usuarios`
--

INSERT INTO `usuarios` (`login`, `password`, `id`) VALUES
('mercado', '8d9c12c1d4eed72d6f0c1d8344bfb3d0', 1);

--
-- Índices para tablas volcadas
--

--
-- Indices de la tabla `naves`
--
ALTER TABLE `naves`
  ADD PRIMARY KEY (`id`);

--
-- Indices de la tabla `puestos`
--
ALTER TABLE `puestos`
  ADD PRIMARY KEY (`id`),
  ADD UNIQUE KEY `clave_opcional` (`caseta`),
  ADD KEY `id_nave` (`id_nave`),
  ADD KEY `fk_puesto_padre_puestos_id_puesto` (`caseta_padre`);

--
-- Indices de la tabla `puestos_traducciones`
--
ALTER TABLE `puestos_traducciones`
  ADD PRIMARY KEY (`id`),
  ADD UNIQUE KEY `puesto_id` (`puesto_id`,`codigo_idioma`);

--
-- Indices de la tabla `usuarios`
--
ALTER TABLE `usuarios`
  ADD PRIMARY KEY (`id`);

--
-- AUTO_INCREMENT de las tablas volcadas
--

--
-- AUTO_INCREMENT de la tabla `naves`
--
ALTER TABLE `naves`
  MODIFY `id` int(11) NOT NULL AUTO_INCREMENT, AUTO_INCREMENT=13;

--
-- AUTO_INCREMENT de la tabla `puestos`
--
ALTER TABLE `puestos`
  MODIFY `id` int(11) NOT NULL AUTO_INCREMENT, AUTO_INCREMENT=9192;

--
-- AUTO_INCREMENT de la tabla `puestos_traducciones`
--
ALTER TABLE `puestos_traducciones`
  MODIFY `id` int(11) NOT NULL AUTO_INCREMENT, AUTO_INCREMENT=2104;

--
-- AUTO_INCREMENT de la tabla `usuarios`
--
ALTER TABLE `usuarios`
  MODIFY `id` int(10) UNSIGNED NOT NULL AUTO_INCREMENT, AUTO_INCREMENT=2;

--
-- Restricciones para tablas volcadas
--

--
-- Filtros para la tabla `puestos_traducciones`
--
ALTER TABLE `puestos_traducciones`
  ADD CONSTRAINT `fk_puesto_traduccion` FOREIGN KEY (`puesto_id`) REFERENCES `puestos` (`id`) ON DELETE CASCADE ON UPDATE CASCADE;
COMMIT;

/*!40101 SET CHARACTER_SET_CLIENT=@OLD_CHARACTER_SET_CLIENT */;
/*!40101 SET CHARACTER_SET_RESULTS=@OLD_CHARACTER_SET_RESULTS */;
/*!40101 SET COLLATION_CONNECTION=@OLD_COLLATION_CONNECTION */;
